templates	clusters
3gkwH	3gkwH
4zffH	2fjgB
1hcvA	1hcvA
4zffA	2fjgB
5t1lD	5f88B
5ja9A	5ja9A
5ja9B	5ja9A
5n2kB	5n2kN
6azkB	5f88B
5u64B	5u64B
6cezH	6cezH
4nkiH	4nkiH
2or9I	2or9I
5ockH	5ocyH
2ajvH	2ajyH
5wcaH	5wcaH
2nxzD	1yymR
1u8jB	2f5bH
6b3dH	6b3dH
5yy5H	5yy5H
2vdnH	3t3pH
6axkA	6axkA
3ebaA	3ebaA
3w9dC	3w9dC
5vcoB	4pp2D
3w9dA	3w9dC
2ipuG	3eysH
5x0tA	5x0tA
5x0tC	5x0tA
1blnD	1blnD
5if0H	5ifaH
1xf3B	1xf3B
2ipuH	3eysH
3gnmH	3gnmH
4whyG	5vzyH
5yd5A	1g7hB
4whyK	5vzyH
4whyI	5vzyH
4whyM	5vzyH
1xgtB	1j1oH
5dr5H	5dr5H
5y7zC	5y7zC
3ls4H	3ls5H
3t2nH	3t2nI
3t2nI	3t2nI
5b4mH	5b4mH
5b4mC	5b4mC
3c5sD	3c6sF
1ol0A	1ol0A
1nl0H	1nl0H
3utzF	3utzC
4nrxH	4nrxH
4jy6B	4jy6B
4jy6D	4jy6D
4uimE	4uimC
5fxcH	5fxcH
5yoyI	5yoyI
5yoyH	5yoyI
5yoyG	5yoyI
6azkD	5f88B
1q72H	1q72H
1zanH	1zanH
2hh0H	2hh0H
6c9uH	6a3wJ
5yoyR	5yoyI
5yoyQ	5yoyI
5yoyP	5yoyI
1t2qH	2d03H
5dscH	5dscC
2or9H	2or9H
1ohqB	1ohqB
4dk3B	4dk3A
4dk3A	4dk3A
1ohqA	1ohqA
1f3dH	1f3dK
3cviH	3cviH
5dscE	5dscC
3eysH	3eysH
5cilH	5cilH
1dqlH	1dqlH
1yy8B	5f88B
3uyrH	4k9eH
1yy8D	5f88B
4p3dA	4ouuH
5lbsI	5lbsH
5lbsH	5lbsH
4p3dH	4ouuH
4m5zH	4m5yI
5ggsC	5jxeG
5ggsA	5jxeG
1mf2N	1mf2N
3ifnH	3ifnH
4xwoO	4xtrE
4n9gH	4n9gE
1ob1E	1ob1E
2vl5C	2vl5C
5trpH	5trpH
2vl5A	2vl5C
3u0tD	3u0tD
4n9gA	4n9gE
3zhkA	3zhkA
2pw1B	2f5bH
4n9gE	4n9gE
3u0tB	3u0tD
6ey6P	6ey6M
6bzyH	6bzyH
6b5sH	6b5pH
5i2iD	5f88B
5i2iB	5f88B
4kxzJ	4kxzQ
5f7mC	5f8qC
4jpiH	4jpiH
4ouuB	4ouuH
5u3oH	5u3lH
1r3kB	2hjfA
6ey6K	6ey6M
6ey6J	6ey6M
6ey6I	6ey6M
6b3kH	6b14H
6ey6O	6ey6M
6ey6N	6ey6M
6ey6M	6ey6M
6ey6L	6ey6M
3b2uQ	3b2uW
5nbwH	5nbwB
3b2uT	3b2uW
3b2uW	3b2uW
5nbwB	5nbwB
15c8H	15c8H
6b9yB	6b9yB
1ymhD	1n64H
1ymhB	1n64H
2otuH	2otwB
4tqeH	4tqeH
2otuD	2otwB
2otuF	2otwB
2adjB	2adjB
2otuB	2otwB
4lluC	5vshA
4lluA	5vshA
6flbH	6flbH
6bzwC	4g6aC
1n7mL	1ngwH
5xcsA	1frgH
3dusB	3duuD
1uywH	1uywM
3dusD	3duuD
5nhwH	2uziH
3o45A	3qq9H
3ngbJ	3ngbB
3bkmH	3bkmH
1xf3H	1xf3H
5ukqH	5ukrH
4fqjH	4fqjH
3ngbB	3ngbB
3ngbE	3ngbB
2r2bB	2r2hB
1oarJ	1oaxH
1ztxH	1ztxH
4ki5E	4ki5E
4ki5C	4xzuE
3if1D	3ietD
5ywfD	5ywfB
5ywfB	5ywfB
3if1B	3ietD
5xlic	5xlid
1ub5H	3cfbH
5jmrB	5jmrB
5i1aH	5i16H
5xlid	5xlid
3lh2J	3lh2J
1ub5A	3cfbH
5i1aB	5i16H
2ghwD	2ghwD
5imkB	5immB
1mnuH	1mnuH
4x7eC	4x7eC
1ndgB	1j1oH
4bz1H	4bz1H
3o11B	3o11B
1xiwH	1xiwH
5h35A	5h35H
3qxtB	3qxvB
1yeiH	1yejH
5h35F	5h35H
5h35H	5h35H
6ey0E	6ey0E
6bi0H	1fveD
3wfdH	3wfcH
5grxH	5gs1K
1dbjH	2dblH
3pp4H	3pp4H
6db5H	6db5I
3l5xH	3l5xH
4eowH	4eowH
5tzuH	5tzuH
1ad9H	1ad9H
3ze2E	3t3pH
3v0aC	3v0aC
3ujtI	3t2nI
6fy2H	6fy2X
3mlyI	3mlyI
3ze2H	3t3pH
5ucbH	6ayzB
4xmpH	4xmpH
6bftA	1bj1K
5o05C	5o05C
1uwgY	1uwgY
6fy2X	6fy2X
1op9A	1op9A
6bftH	1bj1K
4mauH	4mauH
3nfpH	3nfpH
3zkxB	3zkqD
4gmtI	4gmtI
4gmtH	4gmtI
4ojfH	4hixH
5id1D	5f88B
5o05D	4x7eC
5vtaH	5vtaH
4xvsH	4xvsH
5iieH	5iieH
5npiA	5npjA
5u15H	6cbpA
5npiB	5npjA
5iieA	5iieA
4jzjA	4jzjH
5u15A	5u15A
5f96H	5f96H
3bn9D	3bn9F
1xguB	1j1oH
4dgyH	4dgyH
2w0fA	2hjfA
3nfpA	3nfpH
4tuoA	4tuoC
1mfdH	1mfcH
3ls5H	3ls5H
6blaH	6blaH
1igcH	1igcH
1kcuH	1kc5H
5jrpH	5jrpH
4yxkH	4h88H
5e2tH	3t2nI
5fb8B	5fb8B
5it2H	5it2H
6au5D	5f88B
1y18H	3cfjB
5y7zD	5y7zC
3hzkB	3hzyB
1y18B	3cfjB
1y18F	3cfjB
1y18D	3cfjB
3zknH	3zknC
5ovwJ	5ovwK
1fskI	1fskL
3k74B	3k74B
5ovwI	5ovwK
1fskL	1fskL
5ovwL	5ovwK
2x89A	2x89C
2x89B	2x89C
1kxtB	1kxtB
5ldnH	5ldnH
1kxtD	1kxtB
1fskF	1fskL
1kxtF	1kxtB
3iu3A	1fgnH
3iu3C	1fgnH
2vyrJ	2vyrJ
1qokA	1qokA
3ijsD	3ijyB
4yhpA	4yhpA
3iu3H	1fgnH
5wi9H	5wi9H
1tpxB	3t2nI
4at6C	4at6H
5d72M	2uziH
1c5bH	4qt5H
1jpsH	1jpsH
5d72H	2uziH
1hezD	1hezD
1cfvH	1bfvH
5nmlB	5nmlB
1i8mH	1i8mH
3hzyB	3hzyB
5mu0M	5mu0G
5mu0K	5mu0G
5mu0I	5mu0G
1jn6B	1jnhH
1i8mB	1xf2B
4buhA	4buhA
4tsaH	4tsbH
5dubA	5ds8A
5mu0A	5mu0G
6aniI	6aniH
4qxgH	4qxgH
4kq4H	4kq4H
1nj9H	1nj9H
6b9zB	6b9yB
1ol0B	1ol0B
2yssB	1j1oH
5yd4G	1g7hB
5yd4E	1g7hB
3ifoA	3ifoA
5yd4C	1g7hB
2vyrK	2vyrJ
5yd4A	1g7hB
2vyrI	2vyrJ
1it9H	1it9H
5o04F	5o04E
3ifoH	3ifoA
2vyrE	2vyrG
4c83A	4c83C
4c83C	4c83C
3qpqJ	3qpqJ
3qpqH	3qpqJ
5o2uD	5o2uD
3qpqD	3qpqJ
3p9wD	3p9wD
5o2uB	5o2uD
3ldbC	3ldbC
6f7tH	5vzyH
4nnpH	4nnpX
6f7tB	5vzyH
2vyrF	2vyrG
1kb5H	1kb5H
1egjH	1egjH
3x3fH	3x3fH
4nrxA	4nrxH
5t80H	4g6fB
4nnpX	4nnpX
4hkzB	6b9yB
4zfgH	4zfgH
5f8rD	5f8qC
1a4jB	1a4jB
2vdoH	3t3pH
4dvbH	4dvbA
5f8rC	5f8qC
6cmiD	6cmiD
1gc1H	1gc1H
4nbxB	4nbxB
4dvbA	4dvbA
3ijsB	3ijyB
2iptH	3eysH
5hi5H	5hhvH
1uj3B	1fgnH
4orzC	4orzC
6b0wH	6b0wH
4llvC	4llvC
6avnH	6avnH
4llvA	4llvA
6flcH	6flcH
4llvE	4llvE
5u3pH	5u3pH
4kxzH	4kxzQ
4llvH	4llvH
4kxzN	4kxzQ
6flcB	6flcH
4lasH	3gkzA
5dd5H	5dd5H
5nivB	5nivB
5t85H	4g6fB
3oayM	6mnfM
5ayuH	1j1oH
5n88A	5n88A
5vlvA	5vm0A
3oz9H	3oz9H
5ukpH	5ukpH
3bkjH	3bkcH
4okvA	3t2nI
3uzqA	3uzqA
4okvC	3t2nI
5jxaH	5jxaH
4jlrA	5k8aH
5mp3A	5mp5E
6ehyB	6ehyA
2xzqH	2xzqH
4jy4B	4jy4B
6apoA	6apoA
12e8H	12e8H
2brrY	2brrY
2nyyD	2nyyD
3t65B	2r2hB
5m15D	5m15D
2yklH	2yk1H
5hi3C	5hhvH
5m15C	5m15C
5hi3H	5hhvH
3naaH	3nacH
4r97C	4r97C
1cgsH	1cgsH
1eo8H	1eo8H
1yymH	1yymR
4yo0A	5xcvA
2xraH	2xraH
1nd0F	1ruaH
1nd0D	1ruaH
1nd0B	1ruaH
3p9wH	3p9wH
4g7vH	4g7vH
5lhrB	5lhrB
2r1wB	2r2hB
6hkgA	6hkgC
6hkgC	6hkgC
1ri8A	1ri8A
1ruqH	1ruqH
3qehA	3qehE
4jo3H	4jo3H
3qehC	3qehE
3qehE	3qehE
1dqmH	1j1oH
3qehG	3qehE
5itfB	5f88B
6ehwB	6ehwB
4weuD	4weuE
4weuE	4weuE
5nmlE	5nmlE
4wcyH	4wcyH
5bv7H	5bv7H
6a67H	6a67H
6a67C	6a67H
5bv7C	5bv7C
1mhhD	1n64H
1mhhB	1n64H
2ymxH	2ymxH
3mnvD	3t2nI
4lajL	4lajH
4lajM	4lajH
4lajH	4lajH
5mthH	5mp5E
4k2uI	4k2uI
4qhuB	4qhuB
6b9jA	5usiA
5mthA	5mp5E
4k2uH	4k2uI
3stbA	3stbA
3stbB	3stbB
5tz2H	5tz2H
5uemH	5uemH
1cfqB	5vzyH
5whjH	5whjH
1q0xH	1q0xH
6bzvE	4g6aC
6bzvG	4g6aC
6bzvA	4g6aC
6bzvC	4g6aC
1nj9B	1nj9H
2dqiH	1j1oH
1r3lB	2hjfA
2ny6D	1yymR
5u3nH	5u3pH
2xqyJ	2xqyG
1zluM	1zluM
5hvfB	5hvfB
5nmlH	5nmlA
5obfH	5obfH
5a2iH	5fxcH
4m43H	4m43H
5id0B	5f88B
5sv4A	5sv4A
6aynD	5f88B
4yhmH	4yhoH
5id0D	5f88B
4dn3H	4dn3H
4hhaB	4hhaB
5h2bA	5h2bA
4nx3B	4nx3B
4jo4H	4jo4H
4jo4I	4jo4I
5dscC	5dscC
2adiB	2adjB
1bqlH	2iffH
5xajF	5xajF
5xajE	5xajF
5dscA	5dscC
5xajA	5xajA
3v6fA	3v6fE
4nwtH	4nwtH
3zdyH	3t3pH
1i7zD	1i7zB
5xajH	5xajH
6dbeB	6dbeA
3nh7H	3nh7K
3v6fE	3v6fE
4kk8C	3ejzC
1mh5H	1mh5H
1ocwH	1ocwH
5f1oB	5f1oB
5uslB	5uslB
3k1kC	3ogoF
5uxqH	5uxqH
4gsdH	4gsdH
1kfaH	1kfaI
1kfaI	1kfaI
3macH	3macH
3skjH	3skjH
3skjI	3skjI
1lk3H	1lk3H
1a2yB	1g7hB
4cniA	4cniA
1sy6H	1q0xH
5wnaH	5wnbH
5wk3U	5wk3U
2vxsI	5hhvH
4kk8E	3ejzC
5da4A	5da4B
5da4C	5da4B
5da4B	5da4B
5aumH	5aumA
5n4jH	2uziH
3gi8H	3gi8H
1ub6A	3cfbH
2rcsH	2rcsH
4x7dC	4x7dC
5vphD	3rvvD
4bz2H	4bz2H
4ztoH	4ztpH
4x7dD	4x7eC
1ub6H	3cfbH
5vm4G	5vm4A
5vm4F	5vm4A
5vm4E	5vm4A
5vm4D	5vm4A
5vm4C	5vm4A
5vm4B	5vm4A
1yehH	1yejH
4krmF	4krmL
5vm4L	5vm4A
1svzA	1svzA
5vm4J	5vm4A
5vm4I	5vm4A
4s1dH	4s1dE
4nrzA	4nrzA
1mrdH	1mrdH
3ln9A	3ln9A
6fywC	6fywC
2ybrA	2yc1D
2qqnH	2qqnH
6a3wJ	6a3wJ
4xnmB	4xrcB
3x3gH	3x3gH
6a3wG	6a3wJ
6a3wD	6a3wJ
4xnmH	4xrcB
6a3wA	6a3wJ
5ur8A	5ur8A
2aj3F	2aj3F
5wccH	5wccH
6azmD	6azmB
1a4kB	2dblH
3k7uA	3k7uA
4jzoA	4jzoA
4nbyB	4nbyC
4nbyC	4nbyC
1a4kH	2dblH
5ewiH	5ewiH
5tplH	5tplH
5eziH	5ezjA
4jzoC	4jzoA
5otjB	5otjH
2h9gB	2h9gH
3gb7A	2hjfA
5f97F	5f8qC
5f97G	5f8qC
5f97E	5f8qC
5icxB	5f88B
1nfdF	1nfdH
1nfdH	1nfdH
1u91B	2f5bH
5f97H	5f8qC
2y5tA	2y5tA
4belD	3zkqD
4belE	3zkqD
2ybrD	2yc1D
4kmlB	4kmlB
5uixH	5uixH
1mfeH	1mfcH
1n4xI	1n4xH
1ndmB	1j1oH
2v7nB	2v7nD
1u8lB	2f5bH
5e2uH	3t2nI
5do2H	5do2C
5do2C	5do2C
4o9hH	4o9hH
5m14D	5m14D
5yaxB	5yaxB
5m14C	5m14C
3nabH	3nacH
4ygvF	4ygvA
5tztA	5iwlB
4kvcH	4kvcH
3u7yH	4olxH
3c2aH	3ghbH
3c2aI	3ghbH
2j88H	2j88H
5vnwD	5vnwC
5f88D	5f88B
3qosH	3qosH
5wi9F	5wi9F
5vnwC	5vnwC
5lhqB	5lhqB
3zksD	3zkqD
5ogiB	5ogiB
5nluA	5nluA
1mimH	1fgnH
2ybrG	2yc1D
2a6jH	2a6jH
1ikfH	1ikfH
1fh5H	1fh5H
2a6jB	2a6jB
5te4H	5te6H
4s10A	4s10A
2arjB	2arjH
2vh5H	2uziH
1lo4H	1lo4H
4hpoH	4risH
3uypA	3uzqA
4kklE	3ejzC
1k4dA	2hjfA
1a6vI	1a6wH
5f88B	5f88B
5eukD	5f88B
5nlwA	5nlwA
3c5sB	3c6sF
5yd5C	1g7hB
1oazH	1oaxH
3iflH	3ifnH
3ijyB	3ijyB
5e08H	5e08H
5vcoD	4pp2D
1nc2B	1nc2D
4g3yH	4g3yH
1kc5H	1kc5H
1fl3H	3cfbH
1mamH	1mamH
1fl3A	3cfbH
2uziH	2uziH
5gkrC	5gkrA
5mo3H	5mp5E
2h9gH	2h9gH
6bzwG	4g6aC
1uywM	1uywM
6bzwE	4g6aC
2xwtA	2xwtA
6bzwA	4g6aC
2p8lB	2f5bH
1dqjB	1j1oH
5u3mH	5u3pH
2vxsJ	5hhvH
3qxtA	3qxvB
3eyoD	3eyoD
5a2jH	5fxcH
5whkH	5whjH
1i3gH	4qt5H
6ey0G	5lz0B
6ey0F	5lz0B
1u0qA	1u0qB
1u0qB	1u0qB
4h20H	4h20H
3hc0A	3hc0A
4yhlH	4yhlH
5vtaF	5vtaH
5vtaI	5vtaI
5f7lD	5f7lD
5vtaK	5vtaH
5xwdH	5xwdH
3hc0H	3hc0A
5id1B	5f88B
5f7lB	5f7lD
4jo3I	4jo3H
1sm3H	5fxcH
1uwgH	1uwgY
1ua6H	1j1oH
4ogyM	4ogxH
2otwB	2otwB
4gw5B	5f88B
6cbpA	6cbpA
2otwD	2otwB
6bhzH	1fveD
4n9gM	4n9gE
6f0dB	6f0dA
4llwA	4llwA
3idnB	2f5bH
4llwC	4llwC
4tujC	4tuoC
3n9gH	3n9gH
5v7rH	5v7rH
5xcqA	5xctA
4yr6D	4yr6D
3uzvB	3uzqA
5tppH	6cbpA
4g6mH	4g6kH
4yr6A	4yr6D
6ehxB	6ehyA
6cnrH	6co3H
3juyB	3juyC
3juyC	3juyC
1dn0D	1dn0D
3juyA	3juyC
1dn0B	1dn0B
3juyD	3juyC
3juyE	3juyC
3zhkB	3zhkA
5ukoH	5ukrH
5lxgH	5lwyH
5i1cH	5i1cH
5jqdD	5jqdD
5jqdC	5jqdC
2y07H	2y07H
5i8cA	5i8eC
5grvL	2v7nD
5kmvH	5vzyH
1yekH	1yejH
1cbvH	1cbvH
5kmvE	5vzyH
1iqwH	1it9H
1mreH	1mrdH
5o14C	5o14H
5o14H	5o14H
3fctD	1ngwH
3fctB	1ngwH
6db5I	6db5I
1q9wB	1q9wB
4y5yD	4y5yD
3v6oD	3v6oD
3v6oC	3v6oD
6ehvX	6ehvX
4y5yA	4y5yD
3l1oH	3l1oH
5tbdA	5tbdD
3mnwB	3t2nI
2bmkH	1wcbH
5tbdD	5tbdD
5tbdE	5tbdD
5tbdJ	5tbdD
3ma9H	3macH
5i8oH	5i8oH
2bmkB	1wcbH
2g5bD	2g5bF
2g5bF	2g5bF
4n8cH	4n8cH
4n8cI	4n8cH
3mlwH	3mlwH
3mlwI	3mlwH
5uelH	5uelH
2g5bH	2g5bF
1jglH	1jhkH
6fxnQ	6fxnM
5gs1N	5gs1K
4jr9H	4jr9H
3igaA	2hjfA
3cfiF	3cfiF
3u9pH	3u9pH
4f3fB	4f3fB
3cfiC	3cfiF
4x7sH	4x7sH
6fxnD	6fxnM
4hijB	4hihB
3cfiL	3cfiF
6fxnH	6fxnM
6fxnO	6fxnM
5ijkA	5ijkA
6fxnM	6fxnM
3cfiI	3cfiF
4evnO	4fqhA
4evnM	4fqhA
6b0gD	6b0gD
4evnK	4fqhA
4evnI	4fqhA
4evnG	4fqhA
3be1H	6bgtB
4evnE	4fqhA
4evnC	4fqhA
4evnA	4fqhA
5hggT	5hggS
5hggS	5hggS
5durH	5durH
1otsC	3ejzC
5durB	5durH
2g5bB	2g5bF
5f3bE	5f3bE
1kxvD	1kxvD
1kxvC	1kxvC
4m6nH	4m6mH
1rz8D	1yymR
1fveD	1fveD
1fveB	1fveB
1rz8B	1yymR
5vxkB	5vxkB
5od8A	5od8A
4x80H	4x80H
5d70H	2uziH
1jnhB	1jnhH
5m2jD	5m2jD
1jnhD	1jnhH
1jnhF	1jnhH
1jnhH	1jnhH
5n4gH	5n4gH
5lx9H	5lwyH
5i4fA	4h0gA
5ezjA	5ezjA
4tscH	4tsbH
1k6qH	1fgnH
5ye3B	5ye4A
5mu2E	5mu0G
2xa3A	2xa3A
5y9kH	6fxnM
5mu2A	5mu0G
5mu2C	5mu0G
4uujA	2hjfA
5mu2O	5mu0G
5mu2I	5mu0G
1ob1B	1ob1E
5mu2K	5mu0G
5dlmI	5dlmH
5dlmH	5dlmH
3ikcB	3ijyB
4m5yH	4m5yI
4m5yI	4m5yI
5t1kD	5f88B
1nbzB	1j1oH
4qf1A	4qf1A
5t1kB	5f88B
4qf1H	4qf1H
4dkaA	4dk3A
4dkaB	4dk3A
6mnfH	6mnfM
4dgiH	4h88H
6mnfM	6mnfM
6bitI	6bitJ
6cjkB	6cjkD
3b2uF	3b2uW
2atkA	2hjfA
6bitJ	6bitJ
4odwH	4odwH
3hi1H	3hi1H
1sbsH	1sbsH
1t4kD	1t4kD
5oclB	5oclB
5oclC	5oclF
3hi1B	3hi1H
5oclA	5oclA
5oclF	5oclF
5oclG	5oclB
6azlD	5f88B
3b2uJ	3b2uW
35c8H	25c8H
4xwgH	4xwgH
5hbvD	5hbvD
4nbzD	4nbzD
4nbzB	4nbzD
4dcqB	3s96A
2q76D	1p2cB
2fjfI	2fjfN
1a6tB	4ffwH
1a6tD	1a6tD
6fxnF	6fxnM
4qy8A	4r3sA
1uacH	1j1oH
1rulH	1ruaH
4ffwD	4ffwH
2a1wH	2a1wH
1gpoH	1j1oH
1gpoI	1j1oH
2a1wI	2a1wI
4fhbD	4fhbD
5vlpH	5vlpH
4w6yB	4w6yB
5e94B	5e94B
5xcvA	5xcvA
3pgfH	3pgfH
4j8rB	4j8rB
4nztH	4nztH
3t3mH	3t3pH
5chnH	5chnH
4amkH	4amkH
1axsH	1axsH
4c58B	4c59B
5kn5D	6cdpA
5dd3H	5dd3H
4lajI	4lajH
4xtrC	4xtrE
5kn5A	6cdpA
2hvjA	2hjfA
2hkfH	2hkfH
5ijkB	5ijkA
6ehgC	6ehgC
4w2qE	4w2qE
2p48B	4pptA
4w2qG	4w2qE
5otjH	5otjH
4w2qA	4w2qE
5uknH	5ukrH
1g7iB	1g7hB
3nacH	3nacH
1tetH	1tetH
6arpD	5f88B
3mbxH	3l5xH
6arpB	5f88B
5eu7E	5eu7F
1indH	1indH
3u0wH	3t2nI
1pskH	2oz4H
5n2kL	5n2kN
5n2kN	5n2kN
5n2kH	5n2kN
5n2kJ	5n2kN
5x8mB	5xj4H
5l7xH	5lghH
2xzaH	2xzaH
5vnvA	5vnvA
5epmA	5epmE
1tjgH	2f5bH
5epmE	5epmE
4x7fC	4x7fD
2zpkH	5xctA
2zpkI	5xctA
5lhpB	5lhqB
1ejoH	1ejoH
4edxH	4edxB
2hrpN	2hrpN
2hrpH	2hrpN
4edxB	4edxB
3zkxC	3zkxC
5iwlA	5iwlB
5iwlB	5iwlB
5e2vH	3t2nI
4fqqH	4fqqH
5tfwH	4g6fB
3ujjH	3ujjH
1bzqK	4pptA
1bzqN	4pptA
1bzqM	4pptA
1bzqL	4pptA
5w5zH	5w5xH
4jfzH	1i8kB
2f19H	2f19H
1wcbH	1wcbH
2cmrH	1q0xH
1yc7A	1yc7A
1yc7B	1yc7B
4y5vD	4y5vA
4y5vG	4y5vA
4y5vA	4y5vA
3t77B	2r2hB
6h7mC	6h7lD
3mlxI	3mlyI
3mlxH	3mlyI
6ayzB	6ayzB
5o04C	4x7eC
5o04E	5o04E
5o04D	4x7eC
3vfgH	3vfgH
6b5pH	6b5pH
4cdgC	4cdgC
5umnC	5umnC
4uinH	4uinH
3ngbH	3ngbB
1nsnH	1nsnH
2dquH	2dqtH
5a2kH	5fxcH
5mzvD	4grwH
3qxuB	3qxvB
3qxuC	3qxvB
3qxuA	3qxvB
3qxuD	3qxuD
5xmhD	5xmhD
4xp1H	4xphH
3nfsH	3nfsH
5u3lA	5u3lH
5lspH	5lspS
5f7mD	5f8qC
3go1H	3go1H
4poyA	4pptA
5xmhH	5xmhD
3o45H	3qq9H
4jo2H	4tuoC
4jo2I	4tuoC
1ggbH	1ggcH
5lspS	5lspS
5e0qA	5e0qA
5cgyC	5cgyC
3wfbH	3wfcH
5nh3I	2uziH
5nh3H	2uziH
5cgyH	5cgyC
1p2cB	1p2cB
5ueaA	6az2A
1p2cE	1p2cB
1fvdB	1fvdB
1fvdD	1fveD
5ueaH	6az2A
3grwH	3grwH
4jlrH	5k8aH
4jg0H	1i8kB
5t4zH	5t4zA
5d71H	2uziH
1uz8B	1uz6F
4h8wH	3tnnH
5t4zA	5t4zA
5wnbI	5wnbH
2p45B	4pptA
1rurH	1ruqH
2ny0D	1yymR
5esqD	5f88B
1qfuH	1qfuH
5fwoA	5fwoA
4jznA	4jznA
1uz6H	1uz6F
4jznI	4jznA
1oazJ	1oaxH
5d93F	5d93F
3mxvH	3mxvH
6aodB	6aodB
5d93C	5d93F
6dcwH	6dcwH
4yhyH	4yhyB
3qwoH	5k8aH
2y06H	2y06H
3eyuH	3eysH
5b71D	5b71B
5b71B	5b71B
6ejmH	6ejmI
3lzfH	3lzfH
4qthA	4qthH
1uz6W	1uz6F
3mckH	3mckH
4qthH	4qthH
1uz6P	1uz6F
3auvF	3auvB
6cyfM	6cyfF
3auvD	3auvB
4nylE	6cr1H
3auvB	3auvB
4nylC	6cr1H
4nylA	6cr1H
5wb9H	5wb9H
5eukB	5f88B
5dd1H	5dd3H
5y11A	5y11A
4nylH	6cr1H
5grwA	5gs1K
6c6xA	6c6xE
6c6xC	6c6xE
6c6xE	6c6xE
1mrfH	1mrdH
6c6xH	6c6xH
5w2bH	5vkdH
4wv1B	4wv1B
1yejH	1yejH
4u6vK	4u6vH
4u6vH	4u6vH
1yymR	1yymR
3hr5B	3hr5I
3hr5J	3hr5I
3hr5I	3hr5I
3hr5H	3hr5I
1f3dK	1f3dK
1p7kB	1p7kB
1p7kH	1p7kH
3idxH	3idxH
4h0hB	4h0gA
1zwiA	2hjfA
5mwnF	5m30E
3ncjH	3nacH
5mwnD	5m30E
5mwnE	5m30E
5vakB	5vaqB
5chnA	5chnH
1hilB	1hilB
5mwnN	5mwnN
1hilD	1hilB
1deeD	1deeF
4gqpH	3gkzA
1hh6B	5vzyH
3o2dH	3o2dH
1a6uH	1a6wH
5mjeB	5mjeB
3u9pK	3u9pH
5dqjH	5dqjH
5wuvH	5wuxH
3ezjD	3ezjF
3lh2K	5cilH
2gjjB	2gjjA
2gjjA	2gjjA
4yxhH	4h88H
3ezjH	3ezjF
5npjB	5npjA
5wuxH	5wuxH
1dbaH	2dblH
6bfqH	6bfqA
5lwyH	5lwyH
3cfjF	3cfjB
3cfjD	3cfjB
5wuxA	5wuxH
1rhhD	1rhhD
3cfjH	3cfjB
1rhhB	1rhhB
4xvjH	4xvjH
1ineH	1indH
4hiiD	4hihB
5e2wH	3t2nI
4hiiB	4hihB
4j6rH	4j6rH
6b0hD	6b0hD
6db7I	6db7I
2f5aH	2f5aH
4tulH	4tuoC
6b0hB	6b0hD
6h7kD	6h7lD
6h7kC	6h7lD
5t5bH	4g6fB
3u30C	3u30F
5gjsH	5gjsH
3u30F	3u30F
5o1rH	5o1rH
5o1rI	5o1rI
1fl5B	1fl5B
1mvfB	1mvfB
1fl5H	1fl5B
1u8qB	2f5bH
4c57C	5y7zC
2fx8I	2fx8I
2fx8H	5cilH
2fx8K	5cilH
2fx8J	5cilH
1xf2B	1xf2B
4dtgH	4dtgH
4rirA	4rirA
5ceyB	5ceyB
6cvkA	6cvkB
6cvkB	6cvkB
4rirH	4rirA
3fzuH	3fzuC
3o2vH	2dblH
5ifhH	5ifhH
1etzH	1etzB
5vyfB	5vyfB
4lvhB	4lvhB
5te7H	5te6H
5vyfH	5vyfB
1etzB	1etzB
2fr4B	2fr4H
1vgeH	1vgeH
1nc2D	1nc2D
3b2uH	3b2uW
5grxG	5gs1K
5te6H	5te6H
4tsbH	4tsbH
1yjdH	1yjdH
3wiiI	3wihH
3vi4F	3vi3H
1lo2Y	1lo0H
1ar1C	3hb3C
4oawB	4oawB
6ejgD	5dfvC
4oawD	4oawB
2vxuH	2vxuI
1f4yH	1f4xH
5myoB	5myoB
2vxuI	2vxuI
4ersH	4ersH
4xcnC	4xcnC
5myoD	5myoD
3k80B	3k80B
3k80A	3k80B
5y9jH	6fxnM
1b2wH	1b2wH
5e8eB	5e8eB
5t1lB	5f88B
6mlkH	6mlkH
2bdnH	2bdnH
4h0iA	4h0gA
3sgeJ	3sgdH
2p49B	4pptA
3sgeH	3sgdH
1xiwD	1xiwH
1oarI	1oaxH
2ajzB	2ajyH
5f9aC	5f8qC
6anaH	6anaH
5a2lH	5fxcH
6bzuG	4g6aC
6bzuA	4g6aC
4gayH	4g6aC
6bzuC	4g6aC
6b5oH	6b5oH
4gayA	4g6aC
5u3kA	5u3lH
3qxvE	3qxvB
3qxvD	3qxvB
3qxvC	3qxvB
5ikcH	2uziH
3qxvA	3qxvB
5f7nC	5f8qC
5u3kH	5u3lH
3bn9F	3bn9F
3wxvH	5lwyH
5ikcB	2uziH
1oakH	1oakH
4yhnF	4ygvA
2fd6H	2fd6H
4yhnA	4ygvA
5lghH	5lghH
2jk5A	2hjfA
5ebwA	2hjfA
4lvhE	4lvhE
1rumH	1ruaH
6dg2C	6dg2C
4s11A	4s10A
5f9oH	5f9oH
4gagH	4g6aC
5bk3E	5bk3H
5w05H	5w05H
6dcvH	6dcwH
3oazM	6mnfM
1bz7B	1bz7B
3oazH	6mnfM
4m62H	4m62H
4m62I	4m62I
4nzuH	4nzuH
1d6vH	1axsH
3u6rH	3u6rH
4bfbE	3zkqD
4a6yH	4a6yH
4c59B	4c59B
3u6rA	3u6rA
2hvkA	2hjfA
3b2uN	3b2uW
5mu2G	5mu0G
1u92B	2f5bH
6mubM	6mnfM
6b14H	6b14H
4w2pD	4w2qE
4w2pB	4w2pB
4w2pC	4w2qE
4w2pA	4w2qE
1cftB	5vzyH
3so3C	3so3C
4i9wG	4wfeG
4i9wE	4wfeG
5mvzH	1n64H
5i76D	5f88B
5mu2M	5mu0G
1aj7H	1aj7H
3mxwH	3mxwH
5gisH	5girH
1oayH	1oaxH
1dsfH	1dsfH
6b5mH	6b5mH
3ietB	3ietD
1yylH	1yymR
4webH	4nx3B
2fb4H	2fb4H
1rzkH	1yymR
3inuH	3inuH
5f6hI	5f6hM
5f6hK	5f6hM
5f6hM	5f6hM
5xj4H	5xj4H
5f6hO	5f6hM
3utzC	3utzC
3utzB	3utzC
1dlfH	1dlfH
1yylR	1yymR
1ad9B	1ad9B
4xvuC	4xtrE
3uc0H	3uc0I
3uc0I	3uc0I
6ao0H	6ao0H
4r3sA	4r3sA
4jo1I	4tuoC
4jo1H	4tuoC
4leoA	4leoA
5l0qC	5l0qC
5az2H	5az2H
1dvfB	1g7hB
1dvfD	1dvfD
5l0qF	5l0qC
3whxA	3whxA
1e4xI	1e4xH
1e4xH	1e4xH
1za6H	1za6F
5jmrA	5jmrB
1za6D	1za6F
1za6F	1za6F
4lmqE	4lmqE
1za6B	1za6F
4bfbD	3zkqD
2igfH	2igfH
3mlyH	3mlyI
3ujtH	3t2nI
6db7H	6db7H
4toyH	4toyH
5v7uH	6h0eH
4ma8H	4h88H
3o6kH	3o6kH
3cfkP	3cfjB
5omnC	5omnC
3cfkN	3cfjB
3cfkH	3cfjB
3cfkI	3cfjB
3cfkK	3cfjB
3cfkD	3cfjB
6aniH	6aniH
3cfkF	3cfjB
2b1aH	2b1hH
5c2bH	5c2bH
3cfkB	3cfjB
3phqB	3phqB
4hihB	4hihB
4hihD	4hihB
5vjqE	1j1oH
4tukH	4tuoC
5i8eC	5i8eC
1xgyH	1xgyI
1xgyI	1xgyI
1j1oH	1j1oH
6h7jD	6h7lD
6h7jC	6h7lD
2r56H	2r56I
2r56I	2r56I
3okeB	2r2hB
5nmlF	5nmlF
4nm4H	4nm4I
4nm4I	4nm4I
5nmlC	5nmlC
3phoB	3phoB
5nmlA	5nmlA
6eljA	6eljA
4pgjA	4u3xC
5nmlI	5nmlI
4pgjC	4u3xC
1b4jH	1b4jH
1ngwB	1ngwH
5jw5A	5jw5A
5m2wA	5m2wA
5m2wB	5m30E
1ngwH	1ngwH
4m7kH	4m7kH
3k1kD	3ogoF
6be4H	6be4H
2uudH	2uudH
2uudJ	2uudJ
3ux9B	3ux9D
3ux9D	3ux9D
5usiH	5usiA
5vxmB	5vxmB
1eapB	1eapB
5usiA	5usiA
1d5bB	1d5bH
2w9dH	2w9dH
4jzoD	4jzoA
4jzoG	4jzoA
2itdA	2hjfA
5f3bA	5f3bE
1d5bH	1d5bH
5j1tC	5j1tC
3mclH	3mclH
1lo3H	1lo0H
8fabD	8fabD
1a6vJ	1a6vJ
8fabB	8fabB
1a6vH	1a6vH
1uz8H	1uz6F
1q9lD	1q9lD
1lo3Y	1lo0H
1q9lB	1q9lB
3okkB	2r2hB
5l88H	5lghH
4p3cH	4ouuH
4kzdH	6b14H
2j4wH	2j4wH
2nr6D	2nr6F
2nr6F	2nr6F
5t1mB	5f88B
4lf3E	4lf3B
4lf3B	4lf3B
4j8rD	4j8rB
5t1mD	5f88B
6cw3A	6cw3A
3gizH	3gizH
5wcdH	5wcdH
3vg9C	3vg9C
3i9gH	3i9gH
5vh3A	4g3yH
1hq4B	1hq4B
1hq4D	1hq4B
3gkzA	3gkzA
2fx7H	5cilH
2zkhH	1v7mI
1himL	1frgH
1himM	1frgH
4krlB	4krmL
4nrzH	4nrzA
1m7iB	1m7dB
2oqjE	6mnfM
2xxmB	2xv6B
2vdkH	3t3pH
5ip4B	4tuoC
5ip4A	4tuoC
5kzpG	5kzpE
5kzpF	5kzpE
5kzpE	5kzpE
5w06H	5w06H
4kphH	4kphH
4kphI	4kphH
5kzpH	5kzpE
6fytI	6fytI
1a14H	1a14H
4xp4H	4xphH
6al4D	6al4F
6azlB	5f88B
6al4F	6al4F
6al4B	6al4F
3l95H	3l95H
4m61D	4m61D
4m61B	4m61D
5f72T	5hysH
5f72S	5hysH
5xctA	5xctA
4xccH	4xccH
5jo4A	5jqdC
5jo4C	5jo4C
1axsB	1axsH
3d0vB	2f5bH
5e5mB	5e5mB
5e5mD	5e5mB
5e5mF	5e5mB
6fuzN	6fuzN
5e5mH	5e5mB
4zg1A	4zg1D
2bfvH	2bfvH
6ejgC	5dfvC
5hbtD	5hbvD
2fx9H	5cilH
2fx9I	5cilH
3nzhH	3nzhH
2xzcH	2xzaH
1u8nB	2f5bH
3o2wH	2dblH
5ziaA	5ziaD
1mexH	1mexH
3t4yB	2r2hB
6dcvB	6dcwH
4bh8B	4bh7B
5eu7F	5eu7F
3bz4H	3c6sF
4qwwD	4qwwD
4o5lH	4o5lH
4qwwF	4qwwD
3zlqC	3zkqD
3bz4B	3c6sF
4dk6A	4dk3A
4dk6B	4dk3A
3bz4F	3c6sF
3bz4D	3c6sF
4lu5I	3t2nI
4lu5H	3t2nI
6dznH	6dznH
5w5xH	5w5xH
4qt5B	4qt5H
1aifB	1aifH
4hzlH	4hzlA
4krpB	4krpB
5ir1B	5f88B
5dfwH	5dfwH
1aifH	1aifH
1wejH	1qbmH
4jfxB	1i8kB
3q6gH	3q6gH
5my4B	5my4B
5cbaA	5cbaA
5cbaC	5cbaC
5anmD	5anmB
5anmB	5anmB
4tuoC	4tuoC
1j1pH	1j1oH
4xphH	4xphH
6bf4H	6bf4H
3sgdH	3sgdH
3sgdJ	3sgdH
4uilH	4uilH
1ncdH	1ncaH
2y6sD	2y6sH
4qt5H	4qt5H
2y6sH	2y6sH
4hixH	4hixH
5vh4A	4g3yH
6eluK	6eluK
6eluH	6eluK
6eluE	6eluK
6eluB	6eluK
6b5nH	6b5nH
3ogoE	3ogoF
3qxwA	3qxvB
3ogoG	3ogoF
3qxwC	3qxvB
3hc3H	3hc0A
3qxwE	3qxvB
4g6aH	4g6aC
5w08M	5w08K
4zg1F	4zg1D
5u3jH	5u3jH
4zg1D	4zg1D
5w08I	5w08K
3ogoH	3ogoF
3wxwH	5lwyH
4yhiA	4yhoH
5ghwH	4g6fB
5w08Q	5w08K
3eo9H	3eoaB
5dtfH	5dubH
5dyoA	5dyoH
4yhiH	4yhoH
3efdH	3efdH
5myxB	5myxD
1ct8D	1ct8B
5dtfA	5dubH
6ck9D	6ck9D
1mjjH	1mjjH
1ibgH	1ibgH
1mjjB	1mjjH
6ck9H	6ck9H
3stlA	2hjfA
5mvjH	5mp5E
4gw1B	5f88B
5mvjC	5mp5E
6be3H	6be3H
5mvjA	5mp5E
4b5eA	4b5eA
4g6aC	4g6aC
5mvjE	5mp5E
4b5eB	4b5eA
5ushH	5ushH
5lhnB	5lhqB
5yy5C	5yy5H
5vxlB	5vxlB
5f1kC	5f1kC
5ushD	5ushH
5f1kD	5f1kC
4imkB	4imkB
4imkA	4imkA
3g5vB	3g5yB
5dhxB	5dhxL
3zlqD	3zkqD
4m6mH	4m6mH
3bkcH	3bkcH
5u4rA	5u4rH
5f7yC	5f8qC
3nifH	3t3pH
4qhuH	4qhuB
5f7yD	5f8qC
5u4rH	5u4rH
3qxwB	3qxvB
3qcvI	3qcvH
2gsgB	2otwB
3ogoF	3ogoF
2gsgD	2otwB
5girA	5girH
2p4aD	4pptA
3qxwD	3qxvB
1fdlH	1g7hB
1vpoH	1vpoH
2p4aB	4pptA
3rpiH	4gw4A
6bahB	6b9yB
5vplD	3rvvD
3rpiA	4gw4A
5e94D	5e94B
1rzjH	1yymR
5vkdH	5vkdH
5ivnA	5ivnA
3t3mE	3t3pH
2gjzB	2gjzB
1ad0B	1ad0D
6ghgH	6ghgH
6ffjA	6ffjA
6b08C	6b08C
6ffjC	6ffjC
5yy4A	1g7hB
5w08O	5w08K
2gjzH	2gjzB
5usfD	5usfC
5usfC	5usfC
5ovwK	5ovwK
4zg1C	4zg1D
5ovwH	5ovwK
5itbH	5itbH
4hh9D	4hh9D
2dqhH	1j1oH
1ncaH	1ncaH
6bqbH	6bqbH
3qycA	3qycA
5ocaH	3h42H
3qycB	3qycB
1jhkH	1jhkH
4ma7H	4h88H
5xcvD	5xcvA
5n2kD	5n2kN
4xh2J	4xh2C
4xh2H	4xh2C
4xh2G	4xh2C
5wawH	5wawH
4xh2E	4xh2C
4xh2C	4xh2C
4xh2A	4xh2C
5m2mD	5m2mD
1fskC	1fskL
4wemB	4wemB
5dyoH	5dyoH
1rivH	1qygH
2w9eH	2w9dH
2hg5A	2hjfA
1mhpX	1mhpH
3sobH	3sobH
1mfaH	1mfcH
3v0vH	3v0vH
3cxhU	3cx5U
5nyxO	5nyxO
3zkqD	3zkqD
5nyxM	5nyxM
4nwuH	4nwuH
5nyxH	5nyxH
2g60H	2g60H
4kdtB	4kdtB
1ct8B	1ct8B
3ujiH	3ujiH
2vxqH	2vxqH
3stzA	2hjfA
6ddmB	6ddmB
1qblH	1qbmH
4larH	3gkzA
1uwxH	1uwxH
5ivzD	5f88B
1i8iB	1i8kB
1igfJ	1igfJ
4hpyH	4qf1H
4ncc2	4ncc2
3o11H	3mclH
4jkpH	4olxH
1uwxM	1uwxH
3h42H	3h42H
5ye4C	5ye4A
5ye4A	5ye4A
3ob0M	6mnfM
4c57D	5y7zC
5vh3H	4g3yH
4ravA	4qhuB
4ravC	4qhuB
3bkyH	3bkyH
3c6sF	3c6sF
2i5yH	1yymR
5ifjG	5ifjG
3gjeH	3gjeB
5ifjD	5ifjD
2i5yR	1yymR
5ifjA	5ifjA
3gjeB	3gjeB
2fr4H	2fr4H
4xvuI	4xtrE
3c6sB	3c6sF
3i75B	3i75B
1a6wH	1a6wH
1igtB	1igtB
1igtD	1igtD
1lo0Y	1lo0H
3qhfH	3qhfH
1q9oB	1q9wB
3ijhD	3ijyB
3ijhB	3ijyB
3rjqB	3rjqB
4cmhB	4cmhB
5jueH	5jueH
3eoaH	3eoaB
3idjB	2f5bH
4x7cC	4x7eC
1v7mH	1v7mI
1v7mI	1v7mI
2ojzH	2ojzH
2ojzI	2ojzH
3vi4H	3vi3H
4pttB	4pttB
6gk8H	6gk8H
4rwyH	4rwyH
4w2qC	4w2qE
4nccH	4ncc2
4xgzU	4tsbH
4xgzW	4tsbH
4bh7B	4bh7B
4xgzQ	4tsbH
1g7jB	1g7hB
4xgzS	4tsbH
4x7cD	4x7dC
3b9kD	3b9kD
4xgzG	4tsbH
4xgzA	4tsbH
2q76B	1p2cB
4xgzM	4tsbH
1a3rH	1a3rH
4xgzO	4tsbH
4xgzH	4tsbH
4xgzJ	4tsbH
3fo9H	3fo9H
3hc4H	3hc4H
2c1oH	2c1pH
1ruaH	1ruaH
4yx2H	4h88H
3fo9B	3fo9H
2dqeH	1j1oH
4pozD	4pozD
4jg1H	1i8kB
6fysA	6fysA
5mp2D	5mp2C
6fysC	6fysE
6fysB	6fysD
6fysE	6fysE
1m71B	1m7dB
6fysG	6fysD
6fysF	6fysE
3g6aB	3g6aB
6fysH	6fysD
2dqtH	2dqtH
5n2kP	5n2kN
3wbdA	5iwlB
3wbdB	5iwlB
4lbeA	2hjfA
6dbfB	6dbgD
5dd0H	5dd0H
4n9oB	4kmlB
4y8dD	4c59B
5xcuD	1frgH
4y8dC	4c59B
5yd3G	1g7hB
5hyqB	5f88B
2vxsH	5hhvH
4whtO	5vzyH
3qpxH	3wihH
5hyqD	5f88B
1ic7H	1j1oH
5m63M	5m63H
3baeH	3bkcH
3ojdB	3ojdB
5m63H	5m63H
2nljB	2hjfA
1bfvH	1bfvH
1a7oH	1g7hB
2fatH	2fatH
2vxsK	5hhvH
5dxwA	5dxwA
5drwA	5drwA
5yd3C	1g7hB
4yhzH	4yhzH
2arjH	2arjH
5d96J	5d96C
5mu0O	5mu0G
5d96C	5d96C
2vyrG	2vyrG
4lvhH	4lvhH
4xtrE	4xtrE
4yjzL	4yjzL
5i1gH	5i1gH
4eizC	4eizC
1yegH	1yejH
5vzyH	5vzyH
4j1uD	4j1uD
1kelH	1fl6H
5dubH	5dubH
5vebA	5vebA
4krmL	4krmL
5bk3C	5bk3H
4krmH	4krmL
5mu0G	5mu0G
2ddqH	2ddqH
4krmD	4krmL
5vkeA	2hjfA
5ivoA	5ivoA
4krmB	4krmL
5mu0E	5mu0G
4olvH	4olxH
2vxtH	4tuoC
3haeT	3gjfH
5wk3W	5wk3U
4pp2D	4pp2D
4pp2B	4pp2D
5mu0C	5mu0G
4rbpM	6mnfM
5bk3H	5bk3H
4kjqC	3ejzC
3haeO	3haeH
4kjqE	3ejzC
1m7dB	1m7dB
5dfvE	5dfvE
4ocxH	4ocyH
5dfvC	5dfvC
4nc2B	4nc2B
5i8kH	5i8kH
4jznC	4jznA
1ngpH	1a6wH
4s2sH	4s2sA
3nh7I	3nh7K
1ncwH	1ruaH
5eocH	5eocJ
4s2sA	4s2sA
5eocJ	5eocJ
4lkcB	4lkcB
6b3sH	3b2uW
1mvfA	1mvfB
1plgH	5iwlB
6b3sC	3b2uW
3nh7J	3nh7K
6b3sF	3b2uW
3wfhA	3whxA
5ceyD	5ceyD
6eljH	6eljH
5muqH	5muqA
5muqA	5muqA
3v0wH	3v0vH
5k8aH	5k8aH
6ev2E	6ev2A
6ev2G	6ev2A
6ev2A	6ev2A
4aehH	1q0xH
1t3fB	1t3fB
5h8dA	3zkqD
5dq9H	5dq9H
3cxhJ	3cx5U
1dbbH	2dblH
4y7mA	4y7mA
5dq9C	5dq9H
1qbmH	1qbmH
5dq9A	5dq9H
4x0kH	4x0kH
4kucH	4kucH
6ddrB	6ddrB
4x0kA	4x0kH
4kucF	4kucF
2r23B	2r2hB
4nc0B	4nbzD
3ixtA	5k8aH
2iffH	2iffH
2aabH	2aabH
6gzpA	5lmwA
2vyrL	2vyrJ
5l21B	5l21B
2w65C	2w65A
5f7nD	5f8qC
2w65A	2w65A
1ngyB	1ngwH
3ejzE	3ejzC
5tp3A	5tp3A
2vyrH	2vyrG
3ejzC	3ejzC
5tp3B	5tp3A
1a7nH	1g7hB
1p4bH	1p4bH
5wnaC	5wnbH
4wukH	4wukH
1nakH	1ngwH
1nakI	1ngwH
1i7zB	1i7zB
5tgbH	5tgbH
5m2mF	5m2mD
6fpvB	6fpvB
6fpvA	6fpvB
5m2mE	5m2mD
1qd0A	1qd0A
5m2mN	5m2mD
5lwfC	5lwfC
5m2mJ	5m2mD
5m2mH	5m2mD
1oaxH	1oaxH
5en2A	5en2A
4fqqB	4fqqB
5w6cH	5w6cH
4z9kB	4z9kB
5i1dH	3qosH
4risH	4risH
3ru8H	3ru8H
2op4H	2op4H
4ptuB	4pttB
5vkkH	5vkkH
1fnsH	1oakH
3ld8C	3ldbC
2ajyH	2ajyH
3qg7H	3qg7H
4zfoH	4zfoA
5girH	5girH
4zfoA	4zfoA
4lssH	3ngbB
3hzmB	3hzyB
1ggcH	1ggcH
3qpqF	3qpqJ
5v6mH	4tuoC
5tqaA	5tqaH
5tqaH	5tqaH
2xknB	2xknB
1il1A	1il1A
5esaA	5esaA
2xknD	2xknD
4yk4C	4yk4C
1ucbH	1clzH
4yk4Z	4yk4C
6axlA	6axlD
6axlD	6axlD
4gajH	4g6aC
3m8oH	3m8oH
4ffvH	4ffwH
3gjfM	3gjfH
4ffvD	4ffwH
5mp3H	5mp5E
3gjfH	3gjfH
5bvpH	5bvjF
4b41A	4b41A
4b41B	4b41A
2r2eB	2r2hB
1cicD	1g7hB
4zykA	4zykA
1rupH	1ruaH
1cicB	1cicB
5b3nA	5b3nA
3bpcB	2r2hB
6axpD	5f88B
4trpH	4tuoC
4jreH	4jr9H
6axpB	5f88B
5jr1H	5jr1H
4s1dE	4s1dE
4rdqG	4rdqI
4uu9H	4uu9A
4s1dC	4s1dE
4fqcH	4fqcH
4khtH	4khtH
4s1dO	4s1dE
4ztoI	4ztpH
4nghH	4nghH
4cniH	4cniA
1fl6H	1fl6H
2vq1B	2vq1B
5hdoA	5hdoB
2vq1F	2vq1F
1nccH	1ncaH
3zhlA	3zhlA
1fl6B	1fl6H
4ogxH	4ogxH
1hh9B	5vzyH
5lmjD	5lmjD
5m13B	5m13B
4r26H	4r26H
3uzeA	3uzqA
3uzeB	3uzqA
3r06H	3r06F
4rdqO	4rdqI
2ap2D	2ap2D
3r06B	3r06F
6eleH	6eleH
3r06F	3r06F
5j13C	5j13C
3r06D	3r06F
4rdqI	4rdqI
6f0dA	6f0dA
6ayzR	6ayzB
4rdqK	4rdqI
1wcbB	1wcbH
5odbA	5odbA
1q1jH	3ghbH
1q1jI	3ghbH
1qlrB	1dn0B
1qlrD	1dn0B
3jwdH	3jwdH
4ktdH	4ktdH
1iqdB	1iqdB
5y80B	5y7zC
4qgyA	4y7mA
3ks0H	3ks0H
3dwtH	3dwtE
3ks0K	3ks0H
6baeB	6b9yB
2dweA	2hjfA
5drxA	5drwA
3dwtA	3dwtE
1otsE	3ejzC
3dwtC	3dwtE
3dwtB	3dwtE
3dwtE	3dwtE
2dblH	2dblH
5ovwG	5ovwK
3jwdP	3jwdP
5i0zA	5i0zA
2p42D	4pptA
5i0zB	5i0zB
2p42B	4pptA
5x4gA	5x4gA
4pb9H	4pb9H
4jn1H	4jn1H
5my6B	5my6B
1p4iH	1p4iH
1kcsH	1kc5H
1g7mB	1g7hB
1riuH	1qygH
3sqoH	3sqoH
2g75C	2g75C
3vi3F	3vi3H
6b5lH	6b5mH
3qo1B	3qo1B
5dqdH	5dqjH
4f37F	4f37F
1orsB	1orsB
3a6bH	1j1oH
5ud9H	5ud9H
4f37H	4f37H
1zlsH	6mnfM
5cp3H	5cp3H
4w6wB	4w6wB
5gz0D	5f88B
5gkrA	5gkrA
4yhkH	4yhoH
6db6H	6db6H
1gafH	1hklH
4f57H	4f58J
6h0eH	6h0eH
5l9dH	5lghH
2mpaH	1mpaH
6h0eA	6h0eH
6h0eC	6h0eH
6h0eE	6h0eH
3v52H	4k9eH
1ngzB	1ngzB
2iq9H	3eysH
5umnE	5umnE
4xbgA	4xcnA
5gzoH	5gzoH
4jb9H	4jb9H
3r1gH	3r1gH
4xbgH	4xcnA
4xnyH	4xnyH
4uu9A	4uu9A
5wttA	5wttA
5tkjA	6cdpA
5wttH	5wttA
5i1hH	5i1hH
3ietD	3ietD
4rrpL	6az2A
4d9rE	4d9qE
4rrpI	6az2A
4rrpH	6az2A
4rrpK	6az2A
4rrpJ	6az2A
2yc1D	2yc1D
1nmbH	1nmbH
4rrpG	6az2A
4d9rH	4d9qE
5gzoC	5gzoH
5u5fB	6b9yB
2gsiH	2gsiH
5eblA	2hjfA
5j74A	5j74B
1cr9H	1cr9H
5j74B	5j74B
5jw5H	5jw5A
5vzxE	5vzyH
5ob5H	5ob5H
3dwtD	3dwtE
3wifA	3whxA
3wfcH	3wfcH
5vzxH	5vzyH
4qyoA	4r3sA
4ps4H	3l5xH
6h7nC	6h7lD
1g7lB	1g7hB
5wkzH	5wkzH
4fzeH	4fzeH
1pg7Z	1pg7Z
6blhH	6blhH
1pg7X	1pg7Z
1tziB	1tziB
2dqjH	1j1oH
4jfxH	1i8kB
3dwtG	3dwtE
5w08G	5w08K
6bf4B	6bf4H
2hfeA	2hjfA
1pg7H	4k9eH
1pg7I	4k9eH
2ok0H	2ok0H
4qo1A	4qo1A
1ospH	1ospH
5occH	5occH
3moaH	2f5bH
3aazA	3aazH
4gw1D	5f88B
5vh4H	4g3yH
1hklH	1hklH
5v6lH	5v6lI
5v6lI	5v6lI
3aazH	3aazH
1ifhH	1frgH
3dwtF	3dwtE
5jxeD	5jxeG
5jxeG	5jxeG
1nd0H	1ruaH
1zvyA	1zvyA
4uimC	4uimC
6bb4J	2uziH
6bb4I	2uziH
6bb4H	2uziH
5vagC	5vagC
6andH	6andH
4fz8H	4fz8H
2ny2D	1yymR
1wc7H	1wc7H
2oqjH	6mnfM
1wc7B	1wc7H
2j5lC	2j4wH
3b9vC	3b9vC
2oqjK	6mnfM
3b9vA	3b9vA
4aeiH	4aeiH
4aeiI	4aeiH
4aeiJ	4aeiH
4yhoH	4yhoH
6dbaB	6dbgD
5ivzB	5f88B
5npjA	5npjA
6dbaA	6dbgD
4kfzD	4kfzD
1qkzH	1qkzH
4kaqH	4kaqH
4kfzC	4kfzD
4hh9B	4hh9D
1dbmH	2dblH
1mfcH	1mfcH
4hieB	4hihB
4wfeE	4wfeG
1t4kB	1t4kD
4wfeG	4wfeG
4kxzQ	4kxzQ
5t6pB	5t78D
6h7oC	6h7lD
4pptA	4pptA
6h7oD	6h7lD
5t6pD	5t78D
1ktrH	2oz4H
4lvhK	4lvhK
2v17H	2v17H
3l95B	3l95H
2oqjB	6mnfM
4ogyH	4ogxH
4m7zB	4m7zB
3qg6B	5girH
2xv6B	2xv6B
5wk3S	5wk3U
5u3lH	5u3lH
5wk3Q	5wk3U
3qg6H	5girH
4pfeA	3ogoF
4pfeB	3ogoF
4m7zH	4ma1B
4ouuH	4ouuH
5bopC	5bopC
6au5B	5f88B
1u93B	2f5bH
1u8mB	2f5bH
5sy8H	4g6fB
2uylW	2uylW
3ixtH	5k8aH
3oayH	3oayH
4zd3H	4zd3H
5u65B	5u65A
5bjzC	5bjzC
5u65A	5u65A
5bjzD	5bjzC
1xgrB	1j1oH
1rfdH	1rfdH
6apqA	6apqA
5xkuC	5xkuC
5lz0B	5lz0B
5lz0A	5lz0B
1igjD	1igjD
6dwcB	6dwcB
1igjB	1igjD
2r8sH	2r8sH
4q0xH	4q0xH
5c6wJ	5c6wJ
5c6wH	5c6wH
2brrH	2brrH
4kq3H	4kq3H
2x89C	2x89C
5wl2H	4fqhA
1rmfH	1rmfH
5wl2A	4fqhA
2ajxH	2ajyH
5mykB	5my4B
5bzwB	5bzwB
2dqdH	1j1oH
3nidE	3t3pH
12e8P	12e8H
2yk1H	2yk1H
2ny7H	2ny7H
4xxdE	5vzyH
3nidH	3t3pH
4xxdB	5vzyH
4idlA	4idlA
6ehyA	6ehyA
3qo0B	3qo1B
5aamA	3uzqA
4uikH	4uikH
1cu4H	1cu4H
4k9eH	4k9eH
1h8nA	4qt5H
1gigH	1gigH
3a6cH	1j1oH
1bbdH	1bbdH
6dwcH	6dwcH
4ffyH	4ffyH
5od0H	5ocyH
5w1gH	5w1gH
1mhpH	1mhpH
4uv7H	4uv7H
4ffwH	4ffwH
4lqfH	4lqfH
4edwH	4edwH
1dqdH	1dqdH
1jptH	1jpsH
5fcuH	4rfeH
5gguA	5gguA
2fjfX	2fjfN
5ibtH	5ibtH
4tujA	4tuoC
4x4xA	1fveD
4d3cH	4d3cH
5azeH	5azeH
5nbiH	5nbiH
2jb6H	2jb6B
6co3H	6co3H
5mv4R	5mu0G
5mv4U	5mu0G
5mv4I	5mu0G
5hysA	5hysH
5dhvA	5dhxL
5mv4L	5mu0G
5mv4O	5mu0G
4g6kH	4g6kH
5mv4A	5mu0G
5dhvH	5dhxL
3g5yB	3g5yB
5hi4H	5hhvH
5mv4F	5mu0G
1nmcB	1nmcB
4liqH	4liqH
4py7A	4py7A
4jn2B	4jn2B
4d9qE	4d9qE
6g8rA	6g8rA
5yslA	5yslE
1nmcH	1nmcB
4d9qH	4d9qE
4py7I	4py7I
5yslE	5yslE
5f9wH	5f9wB
5yslG	5yslE
6dbdA	6dbdB
1hzhK	2ny7H
1hzhH	1hzhH
1p84J	3cx5U
1lo0H	1lo0H
6dbdC	6dbdB
5gguH	5gguA
5j75B	5j75A
6dbdB	6dbdB
3ehbC	3hb3C
5vf6A	5vf6A
1n64H	1n64H
2ak1H	2ajyH
4nj9H	4njaH
4ztpH	4ztpH
3d9aH	1j1oH
5m7qB	5m7qB
5m7qA	5m7qA
5k8aV	5k8aH
4o51D	4ma3H
3pnwB	3pnwN
4hijD	4hihB
4xcnH	4xcnA
1ggiH	1ggiJ
1ggiJ	1ggiJ
3p0vH	3p0vH
4g7yH	4g7vH
4xcnA	4xcnA
1s5iH	1s5iH
2dwdA	2hjfA
4kdtA	4kdtB
5hdoB	5hdoB
3okdB	2r2hB
4fqlH	4fqlH
3p9wF	3p9wF
3esuF	3esuF
2p43B	4pptA
2r0lH	2r0lH
4xrcH	4xrcB
5bq7A	5bq7A
4xrcB	4xrcB
4h0gA	4h0gA
5d7sH	2uziH
4jhaH	4jhaH
5hpmB	5f88B
5tkjJ	6cdpA
1kcrH	1kc5H
3o6mH	3o6kH
5hpmD	5f88B
5cipH	5cipH
3p9wB	3p9wB
3cmoH	3cmoH
1t66D	1t66H
5tkjD	6cdpA
4eneE	3ejzC
3qwoA	5k8aH
4yo0C	5xcvA
5immB	5immB
4kklC	3ejzC
1i9iH	1i9iH
5wnbH	5wnbH
2zchH	2zchH
1yecH	1yejH
4hcrH	4hcrH
4olzH	4olxH
3ffdA	3ffdA
4hcrM	4hcrH
2b0sH	2b1hH
5nmvH	5nmvH
2f5bH	2f5bH
5vm4H	5vm4A
5tfsH	5tfsH
4z95H	4oduH
5mp6P	5mp6P
5fhaH	5fhaH
2bseE	2bseE
2bseD	2bseD
2bseF	2bseF
1ru9H	1ruaH
6cdoA	6cdpA
6h7nD	6h7lD
5esqB	5f88B
4lcuA	2hjfA
4ydvB	4ydvH
1a3lH	1ruqH
4ydvH	4ydvH
5g5xB	5g5xB
5albH	5albH
3gi9H	3gi9H
1kirB	1g7hB
3rvxD	3rvvD
6by2A	2hjfA
5cexD	5cexD
1cfnB	5vzyH
5cexB	5cexB
3f58H	3f58H
4ot1H	4ot1H
5hi4C	5hhvH
1u95B	2f5bH
6fv0F	6fv0F
5iesH	5ifaH
4xmlH	4xmlH
3rkdH	3rkdH
2z92A	2z92A
2q8bH	2q8aH
6cw2A	6cw2A
3rkdD	3rkdH
4yhyB	4yhyB
4gftB	4gftB
6appA	6appA
5th2D	5f88B
1igiH	1igjD
5th2B	5f88B
1uweV	1uwgY
1k4cA	2hjfA
4rfeE	4rfeH
4rfeC	4rfeH
4rfeA	4rfeH
5c3lD	5c3lD
5iv2D	5f88B
5iv2B	5f88B
4rfeH	4rfeH
3ob0H	6mnfM
5hysC	5hysH
2yc1A	2yc1D
1uz6F	1uz6F
2dqgH	1j1oH
1hi6B	5vzyH
5e03A	5e03A
1tzhH	1tzhB
6bliA	6bliD
3ijyD	3ijyB
6bliG	6bliD
3lexA	3lexA
1tzhB	1tzhB
4o4yH	4ma3H
3lexH	3lexA
5hysH	5hysH
4jfyH	4jfyH
1bgxH	1bgxH
4jfyB	4jfyB
4lsuH	4lsuH
5mv4C	5mu0G
5myxD	5myxD
5f3hE	5f3hE
3g9aB	3g9aB
1jhlH	1jhlH
5f3hA	5f3hC
3qrgH	3qq9H
5ff6D	5f88B
5ngvH	2uziH
5ff6B	5f88B
4hc1H	4hc1M
4rzcH	4rzcA
1oaxJ	1oaxH
4jqiH	4jqiH
1iaiI	1iaiI
1iaiH	1iaiH
5vr9H	5vr9H
2x1qA	2x1qA
5ggtH	5ggtH
2x1qB	2x1qA
5bzdD	5bzdD
1dl7H	1dl7H
3v4uH	4k9eH
2r1yB	2r2hB
5bzdB	5bzdB
4d9lH	4d9lI
4d9lI	4d9lI
5ibuH	5ibuH
4d9lK	4d9lI
1mj8H	1mj8H
4x4yA	1fveD
5f9wB	5f9wB
6azzC	6b08C
1ynkH	2cgrH
4xt1C	4xt1C
5mi0B	5mi0B
1emtH	5wt9H
5f21B	5f21B
5xcxA	5xcxA
6cr1H	6cr1H
1frgH	1frgH
4nzrH	4nzrH
4g6jH	5bvjF
4rgmH	4rgmH
5hi5C	5hhvH
4f33H	4f33B
3g5xB	3g5xD
4rzcC	4rzcA
1mcpH	1mcpH
4q2zH	4q2zH
5ik3C	5ik3C
2v7nD	2v7nD
2v7nF	2v7nD
5yslC	5yslE
4onfH	4hixH
2hjfA	2hjfA
3kymD	3kymD
6emjH	6emjH
2v7nH	2v7nD
6fabH	1jfqH
3auvE	3auvB
3oauH	6mnfM
4x7fD	4x7fD
5hdqH	5hdqH
3auvC	3auvB
4xwoI	4xtrE
3kymJ	3kymJ
3auvA	3auvB
5wk2H	5wk2H
5ifjJ	5ifjJ
6cjkD	6cjkD
2ajsH	2ajyH
3kymL	3kymL
3okmB	3okmB
5jq6H	5jq6H
2gcyB	1n64H
1s5hB	2hjfA
5lqbH	5lqbH
3p0yH	3p0yH
4hbcH	4hbcH
4u7sA	4tyuA
2ghwB	2ghwD
5grwB	5gs1K
6bckH	6bckH
4m1gH	4m1gH
3kymH	3kymH
5drzH	5drzH
4yhpE	4yhpA
5drzB	5drzH
3lizH	3lizH
4jamH	4jamH
4fnlI	4fnlH
1jp5A	1jp5B
1jp5B	1jp5B
5bo1H	5bo1H
2wubH	2wubR
4at6H	4at6H
5cbeA	5cbeA
4at6J	4at6H
5cbeC	5cbeC
4at6M	4at6H
4at6O	4at6H
4at6A	4at6H
5ebmA	2hjfA
3zl4H	3zl4H
4at6E	4at6H
3zknC	3zknC
4at6G	4at6G
1ap2D	1ap2D
4gxvI	4gxvI
5i30H	5i30H
2gk0H	2gk0H
1ap2B	1ap2D
5ds8H	5dubH
1tqbB	3t2nI
1cz8Y	1bj1K
5j75A	5j75A
4o58H	4o58H
5k8aF	5k8aH
2hkhH	2hkhH
5eorH	5eorH
1cz8H	1bj1K
1mlbB	1p2cB
4wv1E	4wv1B
3mnvB	3t2nI
5itfD	5f88B
5f6iB	5f6iB
5etuD	5f88B
3sdyH	3sdyH
3dsfH	3dsfH
1e6oH	1e6oH
1a7rH	1g7hB
5etuB	5f88B
5f7kC	5f8qC
5f7kD	5f8qC
6aynB	5f88B
1jguH	5i16H
5tdoD	1fveD
3v6fC	3v6fH
5aumA	5aumA
4krnA	4krnA
5m2iK	5m2iK
3v6fH	3v6fH
4fnlH	4fnlH
3eoaB	3eoaB
5vkhA	2hjfA
1kegH	1ehlH
6bfsH	6bfsH
1jfqH	1jfqH
6aq7H	6aq7H
1kiqB	1g7hB
1w72H	1w72I
5szfH	5szfH
4krpD	4krpD
2aj3D	2aj3F
5mheH	5mheH
2aj3B	2aj3F
1fgnH	1fgnH
5o02C	5o02C
2wubR	2wubR
3ikcD	3ijyB
5f7wD	5f8qC
5i76B	5f88B
2o5zH	2dblH
5f7wC	5f8qC
4k3jH	4k3jH
2qqkH	2qqkH
2fbjH	2fbjH
5ec2A	2hjfA
3we6A	3whxA
3fo2H	3fo1H
3eyfD	3eyfD
3eyfB	3eyfB
3u7wH	4xvsH
5t78B	5t78D
3fo2B	3fo1H
5u3dB	6b9yB
5t78D	5t78D
2jelH	2jelH
6dfiH	6dfjH
2d03H	2d03H
3g04B	3g04B
5ea0H	5ea0H
4alaH	4al8H
5f7eH	4gw4A
5j56B	5u4lB
5gs1E	5gs1K
5gs1D	5gs1K
5gs1G	5gs1K
5gs1F	5gs1K
3wkmI	3wkmI
5gs1C	5gs1K
5gs1B	5gs1K
5gs1L	5gs1K
3wkmH	3wkmI
5gs1I	5gs1K
5gs1H	5gs1K
5gs1K	5gs1K
5gs1J	5gs1K
5bo1I	5bo1H
5gs1P	5gs1K
5gs1R	5gs1K
4lexH	5ifaH
1dzbA	1dzbB
1dzbB	1dzbB
3s37H	3s37H
3i2cH	3i2cH
6h7mD	6h7lD
4odwA	4odwA
2hmiD	2hmiD
3leyH	3lexA
2fjfT	2fjfN
2fjfV	2fjfN
1flrH	1flrH
2fjfP	2fjfN
3hnvH	3hnvH
2fjfR	2fjfN
4cadE	4cadK
2fjfN	2fjfN
2hfgH	2hfgH
2fjfH	2fjfN
2fjfK	2fjfN
4cadB	4cadK
2fjfD	2fjfN
4lstH	3ngbB
2fjfF	2fjfN
4cadH	4cadK
4cadK	4cadK
2fjfB	2fjfN
5czxC	5czxH
4ma3H	4ma3H
1jrhH	1jrhH
1om3H	1om3H
1om3K	1om3K
4ma3B	4ma3H
4ioiB	6b9yB
6h02B	6h02B
5eiiA	5eiiH
5c2uB	5c2uB
1um5H	1um5H
4al8H	4al8H
3p0vI	3p0vH
3eakA	3dwtE
5eiiH	5eiiH
3eakB	3dwtE
6b5rH	6b5pH
43caD	43c9B
43caF	43c9B
5imlB	5immB
3mckB	3mckB
43caB	43c9B
6cyfU	6cyfF
1n0xK	1n0xK
1n0xH	1n0xH
1seqH	1seqH
43caH	43c9B
5drxH	5drwA
5vshE	5vshA
3klhD	3klhD
5vshA	5vshA
5vshC	5vshA
6cyfD	6cyfF
2b2xI	2b2xH
6cyfF	6cyfF
5oclH	5oclF
5vshH	5vshA
5x5xH	5x5xH
6fgbH	6fgbH
2r2hB	2r2hB
4i3sH	4i3sH
5iczD	5f88B
5iczB	5f88B
4hzlA	4hzlA
1rihH	1rihH
3rvuD	3rvvD
4njaH	4njaH
5mesH	5mesH
4eizD	4eizC
1zlvM	6mnfM
1ic5H	1j1oH
5wn9H	5wn9H
4olyH	4olxH
4dkfH	4dkfH
4dkfI	4dkfI
5owpH	5fxcH
3hi6H	3hi6H
2ajzH	2ajyH
1deeF	1deeF
5ubyH	5ubyH
1fe8J	5t78D
1fe8I	5t78D
1fe8H	5t78D
4lvnC	4lvoC
3hi6X	3hi6H
1u8kB	2f5bH
2xqyG	2xqyG
1c1eH	2dblH
1clzH	1clzH
4u3xA	4u3xC
4u3xC	4u3xC
5i15H	2dblH
5gksC	5gkrA
1zluH	6mnfM
3i02B	3i02B
3gheH	3gheH
1f4wH	1f4xH
3i02D	3i02B
6b3sJ	3b2uW
4z0xB	4z0xB
4etqA	4etqA
1xgpB	1j1oH
6cdpA	6cdpA
4hdiB	4hdiH
5sv4B	5sv3C
4etqH	4etqA
6cw3C	6cw3A
1rjlB	1rjlB
4hdiH	4hdiH
2z91C	2z91C
5nuzH	5nuzA
5t6lH	4g6fB
5hysE	5hysH
3oknB	2r2hB
5nuzA	5nuzA
4qlrA	4qlrA
4qlrB	4qlrA
5t6lA	4g6fB
3nz8H	3nz8A
1q9kB	1q9kB
2xa8H	4x7sH
4xgzE	4tsbH
3qnxB	3qnxB
4q2zA	4q2zA
5weqB	5jrpH
3haeI	3haeH
5ziaH	5ziaD
1q0yH	1q0xH
2dqfB	1j1oH
4uimA	4uimA
3nifE	3t3pH
5jdsB	5jdsB
1tqcB	3t2nI
4xgzC	4tsbH
5t5bA	4g6fB
3ezjF	3ezjF
43c9H	43c9B
4l5fH	4l5fH
43c9D	43c9B
5f89A	5f89A
43c9F	43c9B
5eoqH	5eoqH
43c9B	43c9B
3levH	3levH
1t66H	1t66H
1mlcD	1p2cB
5ziaG	5ziaD
1mlcB	1p2cB
6crkH	6crkH
5cipA	5cipA
4uimH	4uimC
3ezjB	3ezjF
4i13B	4i13B
3clfH	3cleH
2e27H	2e27H
3c6sD	3c6sF
1h0dB	1h0dB
4f58J	4f58J
4f58K	4f58J
4f58H	4f58J
4f58I	4f58J
1jgvH	5i16H
3c6sH	3c6sF
3a67H	1j1oH
4dn4H	4dn3H
5mp6H	5mp6H
2x1pD	2x1pB
4ut7H	4ut7H
2x1pB	2x1pB
2x1pC	2x1pB
2x1pA	2x1pB
4cdgD	4cdgC
2r1xB	2r2hB
1mh5B	1mh5H
1x9qA	1flrH
5vjoA	1j1oH
4eneC	3ejzC
5vjoC	1j1oH
5yd3E	1g7hB
5kg9H	5kg9H
4xvuK	4xtrE
5yd3A	1g7hB
5e1hB	5e1hB
1nc4D	1nc2D
3gm0A	3gkzA
5kg9A	5kg9A
3uo1H	4k9eH
4f33B	4f33B
1nc4B	1nc2D
4m93B	4m93B
6dw2B	6dw2B
3cfjB	3cfjB
4m93H	4m93H
5ocyH	5ocyH
2c1oB	2c1pH
5tkjG	6cdpA
4r90H	4r90H
1axtH	3fo9H
1clyH	1clzH
1nbyB	1j1oH
3h3bC	2gjjA
4ag4H	4ag4H
3h3bD	2gjjA
1f8tH	1f90H
4wy7H	5cilH
2oz4H	2oz4H
5j57B	5j57B
2ap2B	2ap2D
2adfH	3cleH
5wuxC	5wuxH
5lmjC	5lmjC
5lmjB	5lmjC
5lmjA	5lmjA
1l7iH	1l7iH
2ny1D	1yymR
6dfjH	6dfjH
1mpaH	1mpaH
3nz8A	3nz8A
3kdmB	3kdmH
3kdmH	3kdmH
5mvzA	1n64H
4s1qH	4s1qH
2adgB	2adjB
4ttdC	4tsbH
4m1dI	4m1dH
4m1dH	4m1dH
4ttdH	4tsbH
1g9nH	1yymR
3h0tB	3h0tB
5m2iG	5m2iK
3o41H	3qq9H
5fgcE	5fgcE
3fn0H	3fn0H
3l5yH	3l5xH
3o41A	3qq9H
2ih3A	2hjfA
1j05H	1j05B
5kw9H	5kw9H
5l6yH	5l6yH
2y36H	2y36H
4fabH	4fabH
1j05B	1j05B
5bopA	5bopA
2wucH	2wucH
6a0xA	6a0xA
1op3H	6mnfM
2g2rB	2g2rB
1op3M	6mnfM
5dmjG	5dmjG
5dmjE	5dmjG
5mo9H	5mo9H
5jymB	5jymB
5dmjB	5dmjG
2g2rH	2g2rB
5imoB	5immB
4i1nB	4i13B
5ec1A	2hjfA
2ck0H	1ck0H
3pnwW	3pnwN
3pnwQ	3pnwN
3g6aH	3g6aB
3d85B	3d85B
1yeeH	1yejH
4o51H	4ma3H
1mqkH	3hb3C
3pnwH	3pnwN
3pnwK	3pnwN
3zdzE	3t3pH
4o51B	4ma3H
6bgtB	6bgtB
3zdzH	3t3pH
2jb6B	2jb6B
4o51F	4ma3H
6dbdD	6dbdD
5vsiH	5vsiH
6fysD	6fysD
4otxH	3t2nI
5bk1H	5bk1H
4ydjA	4ydjA
2a9mH	2a9mH
2a9mI	2a9mI
5bk1C	5bk1C
4hxaH	4hxaH
2dd8H	2dd8H
4ydjH	4ydjA
5tq0H	5tq0H
5icyD	5f88B
3rvtD	3rvvD
4ye4H	4ye4H
1ic4H	1j1oH
2vxvH	2vxvH
4olxH	4olxH
4wffE	4wfeG
1blnB	1blnD
4wffG	4wfeG
1bj1K	1bj1K
5tdnD	1fveD
1bj1H	1bj1K
4gw4A	4gw4A
2d7tH	2d7tH
1c08B	1j1oH
6bpaE	6bpaB
6bpaB	6bpaB
5xxyH	5xxyH
6ellH	6ellH
4rzcE	4rzcA
4rzcA	4rzcA
1kipB	1g7hB
1f58H	1f58H
3qcuI	3qcvH
3qcuH	3qcvH
4yhpH	4yhpC
3kymF	3kymF
3kymB	3kymB
2ibzX	3cx5U
4yhpC	4yhpC
3kymN	3kymN
4xwoC	4xtrE
3s96A	3s96A
3s96C	3s96A
2wzpD	2wzpD
2wzpE	2wzpD
2wzpF	2wzpF
3kymP	3kymP
2wzpL	2wzpD
4gw4H	4gw4A
3cx5J	3cx5U
2wzpJ	2wzpJ
2wzpK	2wzpD
5m2iJ	5m2iK
6cmgC	6cmgC
5m2iH	5m2iK
5m2iI	5m2iK
5lwfD	5lwfC
5m2iL	5m2iK
4r7dE	4r7dA
5uslH	5uslH
1bfoB	1bfoF
4m6oH	4m6oH
1xgqB	1j1oH
3vi3H	3vi3H
5wt9H	5wt9H
6b0aH	6b0aH
4jy5H	4jy5H
4tyuB	4tyuA
4tyuA	4tyuA
5sv3A	5sv3C
5w6gH	5w6gH
4npyH	4npyH
5fuzH	5fuzH
3l7fB	3l5xH
4zg1B	4zg1D
6ev2C	6ev2A
3se9H	3se9H
3tnnC	3tnnH
3v0vA	3v0vA
1kb9J	3cx5U
4m7jH	4m7jH
3cx5U	3cx5U
6h7lC	6h7lD
6h7lD	6h7lD
5kvfH	5kvfH
5xcuA	1frgH
1fvcD	1fvcD
5f89H	5f89H
4odvH	4odvH
1fvcB	1fvcB
1y0lF	3cfjB
1y0lD	3cfjB
6azmB	6azmB
1y0lB	3cfjB
2fjgH	2fjgB
3lmjH	3lmjH
1ehlH	1ehlH
2fjgB	2fjgB
2aepH	2aepH
2x1oA	2x1oA
1y0lH	3cfjB
4xzuA	4xzuE
4xzuE	4xzuE
3qq9D	3qq9H
4xwoW	4xtrE
4xwoU	4xtrE
3qq9H	3qq9H
1vfbB	1g7hB
4xwoQ	4xtrE
6c6zH	6c6zC
5dk3B	5jxeG
4otxI	3t2nI
1ad0D	1ad0D
4xwoK	4xtrE
5dk3G	5jxeG
1um4H	1um4H
5ig7D	5ig7D
4xwoE	4xtrE
3mobH	2f5bH
6apcH	6apcH
3detC	3ejzC
3detE	3ejzC
6cdmD	6cdpA
1dfbH	1dfbH
1kn2H	1yejH
1xf2H	1xf2H
3idmB	2f5bH
5jylD	5jylD
5ggvH	5gguA
5jylB	5jylD
2eh7H	2uziH
6azxC	6azxC
6azxA	6azxC
1q9oD	1q9wB
1w72I	1w72I
5ocxH	5ocyH
5b3jE	5b3jE
4ebqH	4etqA
6ddvB	6ddvB
4jn2H	4jn2H
3r0mB	3r0mA
3r0mA	3r0mA
5b3jH	5b3jE
2v7hB	2v7hB
2ajuH	2ajyH
5ubzH	5ubzH
2v7hH	2v7hH
4lvoC	4lvoC
1nlbH	1n64H
3dv6B	3duuD
1ynlH	1ynlH
4r8wH	4r8wH
3npsB	3npsB
6b0sH	6b0sH
1u8hB	2f5bH
3ghbI	3ghbH
3ghbH	3ghbH
5ezlA	5ezjA
3q1sH	3q1sH
5ezlH	5ezjA
2cgrH	2cgrH
4zsoD	4zsoB
4xp9H	4xphH
1g9mH	1yymR
1opgH	1opgH
5sx4H	5sx5J
5sx4J	5sx5J
4fqiH	4fqhA
3q3gD	3q3gD
4g6fH	4g6fB
3q3gB	3q3gD
3q3gK	3q3gD
4g6fB	4g6fB
3q3gH	3q3gD
6erxF	6fxnM
4xakD	4xakD
6erxD	6fxnM
4xakH	4xakH
3esvF	3esvF
3esvG	3esvF
2p46D	4pptA
6erxM	6fxnM
6erxQ	6fxnM
2bobA	2hjfA
4f33F	4f33B
4nc1F	4nbzD
6cdmA	6cdpA
6a0zH	6a0zH
4rgoH	4rgnB
1xf5D	1n64H
3g5zB	3g5zB
3tclA	3tclA
3k2uH	3k2uH
1xf5B	1n64H
3nigE	3t3pH
5wymC	5wymA
3tclH	3tclH
5wymA	5wymA
4ej1C	4eizC
1tjiH	2f5bH
4ej1D	4eizC
2r0wH	3eysH
3vw3H	3vw3H
6d0xA	6d0xA
1dqqB	1j1oH
5utzH	5utzJ
5utzJ	5utzJ
5vm4A	5vm4A
1dqqD	1j1oH
1ai1H	1ai1H
5jmoD	5jmrB
5utzB	5utzJ
5jmoC	5jmrB
5utzF	5utzJ
5f9dC	5f8qC
4r7dM	4r7dA
4r7dO	4r7dA
3eyvB	1clzH
4r7dI	4r7dA
5bvjH	5bvjH
6c6zC	6c6zC
5bvjF	5bvjF
5vebH	5vebA
5bvjD	5bvjF
4r7dG	4r7dA
5bvjB	5bvjF
4r7dA	4r7dA
2h1pH	4hdiH
4r7dC	4r7dA
1n8zB	1n8zB
5iopD	5f88B
6cbjH	6cbpA
4hfwH	4hfwB
1lo2H	1lo0H
5vm4K	5vm4A
4hfwB	4hfwB
6bfqA	6bfqA
6bfqC	6bfqA
6bpbA	6bpbA
3wfeH	3wfcH
5dmgE	5dmgC
5icyB	5f88B
1svzB	1svzA
2q8aH	2q8aH
4wenB	4wenB
5e8dH	5e8dH
3gbmH	3gbmI
4xvtH	4xvsH
5n7bH	5fxcH
4aq1D	4aq1D
2w60A	2w65A
2o5xH	2dblH
4aq1B	4aq1D
1j1xH	1j1oH
5i1lH	5i1lH
1l7tH	1l7tH
5i1lB	5i1lB
1rz7H	1rz7H
1a7qH	1g7hB
1mf2H	1mf2N
2b1hH	2b1hH
5cd3E	5cd3A
5cd3G	5cd3A
5cd3A	5cd3A
5cd3C	5cd3A
3kr3H	3kr3H
5u4lB	5u4lB
1qygH	1qygH
1wz1H	1wz1H
3e8uH	3e8uH
5vaqB	5vaqB
2qscH	2qscH
3fo0H	3fo1H
2oslH	2oslH
5gs3A	5gs3H
6foeA	6foeA
4hwbH	4nx3B
2oslA	2oslA
1oarK	1oaxH
1oarH	1oaxH
5gs3H	5gs3H
3tpkA	3tpkA
1zlwH	6mnfM
1ay1H	1ay1H
3s35H	1fgnH
1kxqF	1kxqE
1kxqG	1kxqG
4oduA	4oduH
1kxqE	1kxqE
3hntH	3hnvH
5kvgH	5kvgH
3ra7H	3ra7H
3ra7I	3ra7H
4oduH	4oduH
5fhbH	5fhbH
4jpvH	4jpvH
1kxqH	1kxqE
5t29H	4g6fB
4mwfH	4mwfH
1hezB	1hezD
3or6A	2hjfA
4xc1H	5cilH
4mwfA	4mwfA
3juyF	3juyC
5i66A	5i66A
2qhrH	2qhrH
5d6cB	5t78D
5n88H	5n88H
3vg0H	3vg0H
1vfaB	1g7hB
4kzeH	6b14H
5d6cH	5d6cH
2ai0I	2ai0I
2xtjD	2xtjD
4ma1B	4ma1B
2ai0J	2ai0J
4gw5D	5f88B
4ma1E	4ma1E
4lmqH	4lmqE
4ma1H	4ma1H
1c12B	1c12B
3o6lH	3o6kH
5hhvH	5hhvH
1i9jH	1i9jH
1d5iH	1d5iH
1ce1H	1bfoF
4krmJ	4krmL
1zlwM	6mnfM
6b9jH	5usiA
5vm0B	5vm0A
5vm0A	5vm0A
5vzrA	5vzrH
5vgaB	4bh7B
4eigB	4eigB
3zdyE	3t3pH
6dbeA	6dbeA
4dgvH	4dgyH
5vzrH	5vzrH
1lk3I	1lk3H
3cfbH	3cfbH
4hxbH	4hxbH
3cfbB	3cfbH
5icxD	5f88B
5w0dB	5w0dB
5bk2C	5bk2C
4olwH	4olxH
1sjxA	1sjxA
3rvwD	3rvvD
2vdpH	3t3pH
3pp3I	3pp3H
3pp3H	3pp3H
5bk2H	5bk2C
3dggB	3dggB
3dggD	3dggB
4nikB	4nikB
2f58H	2f58H
4ldeB	4ldeB
1fj1D	1fj1D
1fj1B	1fj1D
5tlkB	5tlkB
6ek2I	6ek2I
6ek2H	6ek2I
5f8qD	5f8qC
2eizB	1j1oH
1bafH	1bafH
5f8qC	5f8qC
1u8iB	2f5bH
3okoB	2r2hB
5zv3H	6gk8H
2vdlH	3t3pH
5mp2C	5mp2C
5erwA	4jznA
4tprH	4tprH
4grwI	4grwH
4grwH	4grwH
4grwG	4grwE
4grwF	4grwF
4grwE	4grwE
1q9wD	1q9wB
1igfH	1igfJ
2ypvH	2ypvH
4kuzH	4kuzH
2z91A	2z91A
4ht1H	4ht1H
4kteH	4kteH
5m30D	5m30E
5m30E	5m30E
5m30F	5m30E
3hzvB	3hzyB
4jdvH	4jdvH
3oklB	2r2hB
2z4qB	2z4qB
4jdvA	4jdvH
4zg1E	4zg1D
1ezvX	3cx5U
4hs8H	4hs8H
4h88H	4h88H
2cjuH	2cjuH
3se8H	3se8H
3haeH	3haeH
5k8aB	5k8aH
4rbpH	6mnfM
5a16A	5a16G
5a16C	5a16G
1xf4B	1xf4B
5a16E	5a16G
5a16G	5a16G
4pb0H	4pb0H
5i19H	5i19H
1xf4H	1xf4H
3l7eB	3l5xH
1tjhH	2f5bH
4zsoB	4zsoB
6ezwB	6f0dA
3l7eH	3l5xH
3u4bH	3u4bH
5tdpD	1fveD
5nm0A	5nm0B
3pnwT	3pnwN
5mhgH	5mheH
5cinH	5cinH
25c8H	25c8H
2xqbH	2xqbH
1rukH	1ruaH
4qxtA	4r3sA
5tf1H	5tf1H
4ij3C	4ij3C
2eksB	1j1oH
6by3A	2hjfA
3wiiH	3wihH
2a6dB	4bh7B
5ggqH	5wt9H
2a6dH	4bh7B
5gksA	5gkrA
5jymD	5jymB
4llyC	5vshA
4llyA	5vshA
2b2xH	2b2xH
6bzuE	4g6aC
3et9F	3esuF
2p7tA	2hjfA
1zv5A	1zv5A
1faiH	1faiH
4rgnH	4rgnB
4rgnF	4rgnF
4rgnD	4rgnF
4rgnB	4rgnB
1kn4H	1yejH
5vjqC	1j1oH
5vjqA	1j1oH
5vjqG	1j1oH
5i8eA	5i8eC
1r3iH	2hjfA
3zkmC	3zknC
1kcvH	1kcvH
4om0H	4olxH
1u6aH	1u6aH
3zkmH	3zknC
2p8pB	2f5bH
3fo1B	3fo1H
1cf8H	1hq4B
4qxuH	4ouuH
3fo1H	3fo1H
4jpkH	4jpiH
1h3pH	1h3pH
5u4mB	5u4lB
5nmlD	5nmlD
4hweH	4hweH
3eo0D	4kxzQ
5u5mB	6b9yB
3eo0B	4kxzQ
6bliD	6bliD
1oaqH	1oaqH
5vf2A	4h0gA
5u6aB	6b9yB
5uxqA	5uxqA
6bliJ	6bliD
3s34H	3s34H
2x1oB	2x1oB
3o0rH	3wfcH
2i60H	1yymR
2eh8H	2eh8H
1s3kH	1clzH
5ir1D	5f88B
1f90H	1f90H
3t3pE	3t3pH
3t3pH	3t3pH
5sx5J	5sx5J
1uweY	1uwgY
5sx5H	5sx5J
5dhxL	5dhxL
5xhgD	5xhgD
4fqhH	4fqhA
5nphH	5npjA
3l5wH	3l5xH
5xhgB	1fveD
3duuD	3duuD
4m3jB	4m3jB
4m3jA	4m3jA
4fqhA	4fqhA
3l5wB	3l5xH
3duuB	3duuD
3qxvB	3qxvB
2bjmH	2bjmH
6azzF	6b08C
3qotH	5i18H
3fzuC	3fzuC
3hb3C	3hb3C
2p47B	4pptA
3ntcH	3ntcH
2ih1A	2hjfA
3tnnH	3tnnH
4hs6B	4g6aC
5sv3C	5sv3C
4hk0C	4hk0C
3tnnA	3tnnH
4hs6H	4g6aC
6erxH	6fxnM
3tnnE	3tnnH
2p46B	4pptA
1r0aH	3klhD
2ny3D	1yymR
6erxO	6fxnM
3zdxH	3t3pH
5ds8A	5ds8A
5vpgD	3rvvD
3b9kH	3b9kD
6bi2H	6bi2H
6bi2I	6bi2H
5grzA	5grzG
5tl5H	5tlkB
3zdxE	3t3pH
5grzG	5grzG
2ny5H	1yymR
4ydlB	4ydlB
4whtI	5vzyH
4whtK	5vzyH
4whtM	5vzyH
4nugH	4nugH
5g5rB	5g5xB
4whtA	5vzyH
4ydlH	4ydlB
4whtC	5vzyH
4whtE	5vzyH
4whtG	5vzyH
4whtX	5vzyH
5bk3A	5bk3H
1uweH	1uweH
1n4xH	1n4xH
3idgB	2f5bH
3rvvD	3rvvD
4whtQ	5vzyH
2vdqH	3t3pH
4whtS	5vzyH
3cfcH	3cfbH
4whtU	5vzyH
3nh7K	3nh7K
3mo1B	3t2nI
5e7fB	5e7fC
5e7fC	5e7fC
5e7fA	5e7fC
5lcvH	4ut7H
2r0zH	3eysH
2pcpD	2pcpD
5w08K	5w08K
5f3hG	5f3hC
2pcpB	2pcpD
4zptA	5do2C
5vkkA	5vkkA
5awnH	5awnH
6bpcE	6bpcE
4zptH	5do2C
1yqvH	2iffH
4lciH	4lciH
6bpcB	6bpcE
3bdyH	6bgtB
2o5yH	2dblH
5f3hC	5f3hC
1a4jH	1a4jB
4n0yH	4n0yH
4xvuE	4xtrE
6ghgA	6ghgH
3difB	3difB
1a7pH	1g7hB
3difD	3difB
4pljD	4pljH
4jreB	4jr9H
4rdqM	4rdqI
4irzH	4irzH
4pljH	4pljH
1zeaH	1tetH
5tihH	5tihH
3gbnH	3gbmI
4mswA	2hjfA
1mjuH	1mjjH
2dqfE	1j1oH
4xc3H	5cilH
1um6H	1um6H
5k9jH	5k9jH
1ck0H	1ck0H
2g75A	2g75C
6dg2A	6dg2C
5gz0B	5f88B
3nigH	3t3pH
3umtA	3umtA
1igmH	1igmH
1mvuB	1mvuB
5n2kF	5n2kN
1t2jA	1t2jA
4i2xB	4i2xB
4i2xD	4i2xB
3hnsH	3hnvH
5kvdH	5kvdH
4odtH	4oduH
5k59E	5k59E
2xv6D	2xv6B
2uylY	2uylW
2agjH	2agjH
5k59H	5k59E
1bvlA	1g7hB
1ngqH	1a6wH
1bvlC	1g7hB
3or7A	2hjfA
2uylB	2uylW
2uylN	2uylW
5xrqH	5xrqH
1pz5B	1m7dB
2i60R	1yymR
1c5dB	1c5dH
5xrqA	5xrqA
1c5dH	1c5dH
4k94H	4k9eH
3cmoY	3cmoY
4k23H	4k23H
4hlzK	4hlzK
4y7mB	4y7mA
4hlzI	4hlzG
3modH	2f5bH
4hlzG	4hlzG
1bogB	5vzyH
1deeB	1deeF
4fq2H	4fq2H
5j9pA	2hjfA
4laqH	4laqH
3pnwN	3pnwN
1yy9D	4krpD
5ifaH	5ifaH
1ncbH	1ncaH
5tztH	5iwlB
3wihH	3wihH
3wihI	3wihH
5mp5A	5mp5E
5mp5C	5mp5E
5mp5E	5mp5E
5vk6A	2hjfA
5mp5H	5mp5E
1mfbH	1mfcH
5vr9A	5vr9A
2c1pH	2c1pH
2c1pB	2c1pH
4kmtH	2dblH
5yaxA	4k9eH
4hc1M	4hc1M
4g5zH	5bvjF
2pw2B	2f5bH
3zhdA	3zhdA
3zhdB	3zhdB
6eynH	6eynH
4dvrH	3jwdH
4rgmC	4rgmH
6eynB	6eynH
5nblE	5nblE
5nblF	5nblE
6eynD	6eynH
5ja8B	5ja8H
4u7sB	4tyuA
1f4xH	1f4xH
5ja8F	5ja8H
5ja8D	5ja8H
4gxvH	4gxvH
5ja8H	5ja8H
2dqcH	1j1oH
1nldH	1nldH
4hkxA	4hkxA
4ygvA	4ygvA
6mu3M	6mnfM
2xxcB	2xxcB
2nxyD	1yymR
3hi5H	3hi5H
5i16H	5i16H
3inuM	3inuH
3dv4B	3duuD
4jamA	4jamA
5vanB	5vaqB
6mu3H	6mnfM
5i16B	5i16H
4tvsb	4tvsb
4d9lJ	4d9lI
2vdmH	3t3pH
4tvsa	4tvsb
3w9eA	3w9eA
5aamB	3uzqA
4ydkH	4ydkH
4a6yB	4a6yB
3bt2H	2fd6H
5czxH	5czxH
6e3hH	6e3hH
6flaA	6flbH
6flaH	6flbH
4f33D	4f33B
5xcrD	5xctA
5ziaO	5ziaD
5xcrA	5xctA
5ziaK	5ziaD
5ziaD	5ziaD
3pnwE	3pnwN
3durB	3duuD
3durD	3duuD
4np4I	4np4I
4np4H	4np4I
1jv5B	1jv5B
4m3kB	4m3kB
5ukrH	5ukrH
5ibuG	5ibuG
6mubH	6mnfM
2p44B	4pptA
6a0xE	6a0xA
6a0xG	6a0xA
6foeH	6foeH
6a0xC	6a0xA
3b2uC	3b2uW
5iq9A	4g6fB
5o0wE	5o0wG
5o0wF	5o0wG
5o0wG	5o0wG
5o0wH	5o0wG
4r7dK	4r7dA
5iq9H	4g6fB
5i18H	5i18H
1bfoD	1bfoF
1bfoF	1bfoF
3l7fH	3l5xH
3l7fE	3l5xH
1cloH	1ad0D
1bfoH	1bfoF
3cleH	3cleH
5ig7J	5ig7A
1g7hB	1g7hB
5ig7G	5ig7A
5ig7A	5ig7A
3cvhH	3cvhQ
1wt5B	1wt5B
1wt5A	1wt5A
3cvhQ	3cvhQ
3eyvH	1clzH
2a6iB	4bh7B
5dqjA	5dqjH
3cxdH	3dsfH
6ey0H	5lz0B
6fy3H	6fy3H
4nc1E	4nbzD
4nc1D	4nbyC
4nc1C	4nbyC
5iopB	5f88B
1e4wH	1e4xH
5dmgH	5dmgC
2dlfH	2dlfH
1aqkH	1aqkH
6fy3X	6fy3X
6be2H	6be3H
5dmgC	5dmgC
5uekH	6ayzB
5b8cK	5jxeG
2xt1B	2xv6B
5b8cH	5jxeG
5b8cE	5jxeG
5if0A	5ifaH
3gk8H	3gk8H
5b8cB	5jxeG
5tr8H	5tr8H
1cfsB	5vzyH
2jb5H	2jb6B
6bfqE	6bfqA
3qcvH	3qcvH
5cmaB	5cmaB
4qciH	4qciB
3mnzB	3t2nI
5tlkD	5tlkH
3tnmA	3tnmA
5tlkF	5tlkB
4qciB	4qciB
1r3jB	2hjfA
4om1H	4olxH
6b5tH	6b5pH
3tnmH	3tnmH
6dbgC	6dbgD
5cckH	5cckH
5nm0B	5nm0B
2hwzH	2hwzH
4pouB	4pouB
5nm0D	5nluA
3ulsB	3ulsH
6ejmI	6ejmI
5gmqB	5gmqB
1yefH	1yejH
1f2xK	1f2xL
1f2xL	1f2xL
3g5xD	3g5xD
4x7eD	4x7eC
5vxrH	5vxrH
4odsH	5dq9H
6az2A	6az2A
6az2C	6az2A
1bvkB	1g7hB
1bvkE	1g7hB
5tlkH	5tlkH
5tkkH	5tkkH
1tzgI	1tzgI
1tzgH	5cilH
1nbvH	1nbvH
5i1eH	5i1eH
1i8kB	1i8kB
5ugyJ	5ugyH
5ugyI	5ugyH
5ugyH	5ugyH
5kveH	5kveH
3ggwD	3c6sF
4xnqB	4xrcB
1kemH	1fl6H
4z8fH	4oduH
3ggwB	3c6sF
4xnqH	4xrcB
1c5cH	4qt5H
4jzjH	4jzjH
5j1sC	5j1tC
1oayJ	1oaxH
6h06A	6h0eH
4ocyH	4ocyH
6h06C	6h0eH
4oluH	4olxH
6h06E	6h0eH
4yxlH	4h88H
6h06H	6h0eH
4lkxA	4lkxA
3fb5A	2hjfA
4s10B	4s10A
5lmwA	5lmwA
3qctH	3qctH
5vvfH	5vvfH
3gbmI	3gbmI
2ny4D	1yymR
5vm6A	5vm4A
3qskB	4pptA
1mrcH	1mrdH
4i77H	4i77H
1ghfH	1ghfH
6dbgD	6dbgD
2h8pA	2hjfA
4ynyC	5xcvA
4ynyA	5xcvA
1forH	1forH
3ulsH	3ulsH
5i1iH	5i1iH
3sy0B	2r2hB
3cfdB	3cfdB
5w3pH	5w3pH
2vdrH	3t3pH
3cfdH	3cfdB
4u0rB	5mi0B
